racer_id,racer_name,race_count,win_count,top2_count,top3_count,win_rate,top2_rate,top3_rate,avg_start_timing,last_race_date
2538,高橋,68,1,5,15,0.014706,0.073529,0.220588,,2026-05-01
2878,富山,79,10,22,45,0.126582,0.278481,0.569620,,2026-04-28
3024,西島,66,22,38,45,0.333333,0.575758,0.681818,,2026-04-26
3054,北川,51,10,17,24,0.196078,0.333333,0.470588,,2026-04-19
3070,山室,53,12,27,36,0.226415,0.509434,0.679245,,2026-04-27
3072,西田,53,7,9,20,0.132075,0.169811,0.377358,,2026-05-01
3075,中村,66,7,18,25,0.106061,0.272727,0.378788,,2026-04-25
3081,岡本,50,9,22,30,0.180000,0.440000,0.600000,,2026-04-07
3105,内山,63,10,17,33,0.158730,0.269841,0.523810,,2026-04-28
3107,平岡,43,1,6,10,0.023256,0.139535,0.232558,,2026-04-26
3156,金子,59,3,17,25,0.050847,0.288136,0.423729,,2026-04-23
3158,島川,62,8,21,34,0.129032,0.338710,0.548387,,2026-04-19
3159,江口,81,28,41,57,0.345679,0.506173,0.703704,,2026-05-02
3161,古場,59,5,22,30,0.084746,0.372881,0.508475,,2026-04-21
3175,渡辺,65,4,15,33,0.061538,0.230769,0.507692,,2026-04-15
3176,長谷川,34,2,4,8,0.058824,0.117647,0.235294,,2026-03-14
3202,三品,69,5,17,24,0.072464,0.246377,0.347826,,2026-04-28
3207,田村,61,2,9,14,0.032787,0.147541,0.229508,,2026-04-27
3211,北川,45,3,9,11,0.066667,0.200000,0.244444,,2026-04-24
3212,亀本,61,8,15,27,0.131148,0.245902,0.442623,,2026-04-21
3224,栗山,63,2,7,19,0.031746,0.111111,0.301587,,2026-04-20
3226,浦田,54,4,13,22,0.074074,0.240741,0.407407,,2026-05-01
3232,山川,59,16,27,40,0.271186,0.457627,0.677966,,2026-04-06
3233,小畑,75,8,17,29,0.106667,0.226667,0.386667,,2026-04-17
3246,星野,36,3,5,8,0.083333,0.138889,0.222222,,2026-04-25
3251,平石 和男,96,16,41,58,0.166667,0.427083,0.604167,51.0000,2026-05-03
3256,三角,86,20,38,55,0.232558,0.441860,0.639535,,2026-05-01
3257,田頭,52,18,29,34,0.346154,0.557692,0.653846,,2026-04-27
3265,今村,72,16,27,38,0.222222,0.375000,0.527778,,2026-05-01
3268,竜也,62,5,12,19,0.080645,0.193548,0.306452,,2026-04-19
3277,齋藤,71,6,10,20,0.084507,0.140845,0.281690,,2026-04-28
3282,池本,77,6,18,28,0.077922,0.233766,0.363636,,2026-04-25
3284,渡邊,77,13,25,37,0.168831,0.324675,0.480519,,2026-04-28
3286,坂東,66,7,15,25,0.106061,0.227273,0.378788,,2026-04-28
3289,高橋,48,2,8,13,0.041667,0.166667,0.270833,,2026-04-21
3293,宮内,55,0,6,14,0.000000,0.109091,0.254545,,2026-05-02
3294,野中,48,4,10,17,0.083333,0.208333,0.354167,,2026-05-01
3297,藤丸,56,5,12,25,0.089286,0.214286,0.446429,,2026-04-25
3300,川崎,94,19,37,57,0.202128,0.393617,0.606383,,2026-04-27
3302,谷川,60,9,17,25,0.150000,0.283333,0.416667,,2026-04-13
3303,渡辺,73,10,21,35,0.136986,0.287671,0.479452,,2026-04-28
3304,烏野,95,21,37,62,0.221053,0.389474,0.652632,,2026-04-28
3305,小野,56,7,12,17,0.125000,0.214286,0.303571,,2026-04-23
3306,武田 正紀,56,3,11,24,0.053571,0.196429,0.428571,50.0000,2026-05-03
3313,本吉,67,9,16,25,0.134328,0.238806,0.373134,,2026-04-28
3315,広瀬,50,3,14,18,0.060000,0.280000,0.360000,,2026-04-29
3319,山崎,78,9,32,48,0.115385,0.410256,0.615385,,2026-04-28
3327,野長瀬,88,15,35,50,0.170455,0.397727,0.568182,,2026-05-02
3333,丸尾,82,17,35,45,0.207317,0.426829,0.548780,,2026-04-28
3334,ひとみ,96,11,33,50,0.114583,0.343750,0.520833,,2026-04-21
3339,具巳,79,7,26,34,0.088608,0.329114,0.430380,,2026-04-28
3340,池田,76,14,23,32,0.184211,0.302632,0.421053,,2026-04-27
3346,宮本,9,1,2,2,0.111111,0.222222,0.222222,,2026-01-26
3349,吉田,80,25,43,59,0.312500,0.537500,0.737500,,2026-04-21
3350,藤本,89,13,25,41,0.146067,0.280899,0.460674,,2026-04-25
3352,小川,63,0,8,29,0.000000,0.126984,0.460317,,2026-04-28
3353,前田,43,2,5,12,0.046512,0.116279,0.279070,,2026-04-23
3355,橋谷田,32,0,2,8,0.000000,0.062500,0.250000,,2026-04-13
3357,福島,69,6,16,25,0.086957,0.231884,0.362319,,2026-04-25
3361,岡部,67,6,18,28,0.089552,0.268657,0.417910,,2026-04-22
3362,間嶋,52,7,18,25,0.134615,0.346154,0.480769,,2026-04-21
3370,坪内,62,6,12,22,0.096774,0.193548,0.354839,,2026-04-23
3372,加藤,27,0,1,5,0.000000,0.037037,0.185185,,2026-03-12
3377,塚田,59,3,14,22,0.050847,0.237288,0.372881,,2026-05-01
3381,滝沢 芳行,66,10,23,32,0.151515,0.348485,0.484848,50.5000,2026-05-03
3385,渡邉,78,13,30,42,0.166667,0.384615,0.538462,,2026-04-25
3388,今垣,63,20,30,38,0.317460,0.476190,0.603175,,2026-04-26
3392,小森,62,5,11,21,0.080645,0.177419,0.338710,,2026-04-25
3401,上田,72,6,16,26,0.083333,0.222222,0.361111,,2026-04-28
3406,中里,71,7,22,36,0.098592,0.309859,0.507042,,2026-05-02
3411,池上,62,4,5,18,0.064516,0.080645,0.290323,,2026-04-25
3412,鈴木 博,98,24,50,75,0.244898,0.510204,0.765306,50.0000,2026-05-03
3415,松井,81,20,32,50,0.246914,0.395062,0.617284,,2026-04-26
3419,栗原,19,1,1,1,0.052632,0.052632,0.052632,,2026-04-21
3422,服部,81,17,35,44,0.209877,0.432099,0.543210,,2026-04-26
3430,角浜,61,4,14,16,0.065574,0.229508,0.262295,,2026-04-20
3432,宮迫,49,5,11,19,0.102041,0.224490,0.387755,,2026-04-30
3434,松尾,76,10,19,30,0.131579,0.250000,0.394737,,2026-04-28
3435,寺田,59,11,22,30,0.186441,0.372881,0.508475,,2026-04-26
3436,柏野,68,15,22,39,0.220588,0.323529,0.573529,,2026-04-25
3439,大平,70,19,36,48,0.271429,0.514286,0.685714,,2026-04-15
3441,土屋,67,5,16,27,0.074627,0.238806,0.402985,,2026-05-02
3442,宮武,47,4,10,20,0.085106,0.212766,0.425532,,2026-04-28
3444,香月,73,7,12,19,0.095890,0.164384,0.260274,,2026-04-24
3445,加藤,97,8,20,42,0.082474,0.206186,0.432990,,2026-04-27
3448,高山,67,7,16,24,0.104478,0.238806,0.358209,,2026-05-01
3454,井川,68,10,23,37,0.147059,0.338235,0.544118,,2026-04-28
3455,谷本,79,11,27,39,0.139241,0.341772,0.493671,,2026-05-02
3458,健介,47,6,9,19,0.127660,0.191489,0.404255,,2026-04-28
3459,中野,53,3,8,15,0.056604,0.150943,0.283019,,2026-05-02
3461,渡邊,48,3,6,8,0.062500,0.125000,0.166667,,2026-05-01
3463,乙津,90,11,25,50,0.122222,0.277778,0.555556,,2026-04-29
3467,弘行,50,2,7,16,0.040000,0.140000,0.320000,,2026-04-23
3470,新田,67,9,20,30,0.134328,0.298507,0.447761,,2026-04-17
3471,赤峰,53,0,10,15,0.000000,0.188679,0.283019,,2026-04-20
3473,石川,76,18,37,48,0.236842,0.486842,0.631579,,2026-04-23
3474,松瀬,77,7,18,31,0.090909,0.233766,0.402597,,2026-04-27
3475,橋本,64,15,25,31,0.234375,0.390625,0.484375,,2026-05-02
3477,近藤,70,3,10,22,0.042857,0.142857,0.314286,,2026-04-25
3478,嶋田,65,9,18,30,0.138462,0.276923,0.461538,,2026-04-28
3482,金子,97,10,31,50,0.103093,0.319588,0.515464,,2026-05-02
3484,芝田,86,26,39,52,0.302326,0.453488,0.604651,,2026-04-28
3489,大場,86,17,31,48,0.197674,0.360465,0.558140,,2026-04-25
3497,後藤 浩,66,11,22,30,0.166667,0.333333,0.454545,53.0000,2026-05-03
3499,市川,81,25,36,50,0.308642,0.444444,0.617284,,2026-04-22
3502,渡邉,70,8,26,42,0.114286,0.371429,0.600000,,2026-04-29
3503,堂原,65,1,10,19,0.015385,0.153846,0.292308,,2026-04-24
3505,山田,64,9,21,36,0.140625,0.328125,0.562500,,2026-04-19
3507,藤井,54,2,14,18,0.037037,0.259259,0.333333,,2026-04-25
3508,久富,61,15,25,35,0.245902,0.409836,0.573770,,2026-04-19
3509,千夏,59,3,9,17,0.050847,0.152542,0.288136,,2026-04-27
3514,山一,101,28,40,57,0.277228,0.396040,0.564356,,2026-04-28
3516,吉原,49,4,13,17,0.081633,0.265306,0.346939,,2026-05-01
3517,高橋,59,11,21,36,0.186441,0.355932,0.610169,,2026-04-28
3518,倉田,59,4,15,24,0.067797,0.254237,0.406780,,2026-04-22
3519,冨田,78,6,14,28,0.076923,0.179487,0.358974,,2026-04-29
3523,寳田,53,5,12,24,0.094340,0.226415,0.452830,,2026-04-25
3527,中嶋,69,7,22,35,0.101449,0.318841,0.507246,,2026-05-01
3528,笠野,67,3,6,22,0.044776,0.089552,0.328358,,2026-04-20
3532,柴田,24,2,4,8,0.083333,0.166667,0.333333,,2026-05-02
3535,修平,59,4,15,23,0.067797,0.254237,0.389831,,2026-04-26
3538,菊池,7,0,1,4,0.000000,0.142857,0.571429,,2026-04-25
3539,金子,77,5,14,23,0.064935,0.181818,0.298701,,2026-04-28
3541,三嶌,94,18,36,51,0.191489,0.382979,0.542553,,2026-04-28
3542,清水,67,4,14,22,0.059701,0.208955,0.328358,,2026-04-28
3543,福田,39,6,12,20,0.153846,0.307692,0.512821,,2026-03-20
3544,豊田,68,1,11,18,0.014706,0.161765,0.264706,,2026-04-29
3546,中里 昌志,63,2,10,29,0.031746,0.158730,0.460317,51.0000,2026-05-03
3548,室田,96,17,37,52,0.177083,0.385417,0.541667,,2026-04-28
3550,都築,93,22,38,51,0.236559,0.408602,0.548387,,2026-05-02
3551,藤田,59,6,9,14,0.101695,0.152542,0.237288,,2026-04-27
3554,仲口,94,24,47,65,0.255319,0.500000,0.691489,,2026-04-26
3556,田中,72,17,32,46,0.236111,0.444444,0.638889,,2026-04-26
3557,太田,105,25,51,70,0.238095,0.485714,0.666667,,2026-04-26
3558,山本,65,6,14,27,0.092308,0.215385,0.415385,,2026-04-24
3562,山下,88,19,42,55,0.215909,0.477273,0.625000,,2026-05-01
3563,,65,8,25,38,0.123077,0.384615,0.584615,,2026-04-27
3564,桑原,73,7,21,31,0.095890,0.287671,0.424658,,2026-05-02
3566,川添,73,12,25,41,0.164384,0.342466,0.561644,,2026-04-28
3567,吉岡,44,3,8,9,0.068182,0.181818,0.204545,,2026-04-25
3568,木村,69,8,16,26,0.115942,0.231884,0.376812,,2026-04-28
3569,増田,78,4,13,25,0.051282,0.166667,0.320513,,2026-04-25
3572,安田,92,7,20,38,0.076087,0.217391,0.413043,,2026-04-19
3574,大神,79,15,38,51,0.189873,0.481013,0.645570,,2026-04-19
3576,白水,98,21,45,77,0.214286,0.459184,0.785714,,2026-04-28
3577,向所,64,9,15,24,0.140625,0.234375,0.375000,,2026-04-25
3578,塩田,54,4,8,15,0.074074,0.148148,0.277778,,2026-04-28
3579,中里,50,4,14,26,0.080000,0.280000,0.520000,,2026-04-27
3580,水口,73,3,15,23,0.041096,0.205479,0.315068,,2026-04-25
3581,加木,78,5,15,30,0.064103,0.192308,0.384615,,2026-04-28
3582,吉川,79,21,33,41,0.265823,0.417722,0.518987,,2026-04-30
3583,齋藤,50,0,5,12,0.000000,0.100000,0.240000,,2026-04-28
3584,佐々木,74,9,26,36,0.121622,0.351351,0.486486,,2026-05-01
3587,武田,62,4,12,21,0.064516,0.193548,0.338710,,2026-04-28
3589,西村,61,9,15,23,0.147541,0.245902,0.377049,,2026-04-28
3590,濱野谷,83,16,32,48,0.192771,0.385542,0.578313,,2026-04-26
3591,後藤,50,3,5,10,0.060000,0.100000,0.200000,,2026-04-22
3596,河上 年昭,58,5,7,12,0.086207,0.120690,0.206897,54.0000,2026-05-03
3602,奥平,52,0,5,21,0.000000,0.096154,0.403846,,2026-04-28
3604,武藤,70,8,13,28,0.114286,0.185714,0.400000,,2026-04-22
3605,中村,62,7,14,17,0.112903,0.225806,0.274194,,2026-04-28
3606,川北,77,10,31,43,0.129870,0.402597,0.558442,,2026-04-29
3611,岩崎,66,12,32,44,0.181818,0.484848,0.666667,,2026-04-28
3612,馬袋,95,19,53,67,0.200000,0.557895,0.705263,,2026-04-21
3613,角谷,95,19,46,59,0.200000,0.484211,0.621053,,2026-04-21
3614,勝幸,71,2,11,24,0.028169,0.154930,0.338028,,2026-04-28
3615,横田,63,8,19,26,0.126984,0.301587,0.412698,,2026-04-22
3616,中村,53,5,15,24,0.094340,0.283019,0.452830,,2026-04-02
3617,竹田,58,8,16,23,0.137931,0.275862,0.396552,,2026-05-02
3618,海野,86,19,42,52,0.220930,0.488372,0.604651,,2026-04-19
3619,長谷川,72,5,20,31,0.069444,0.277778,0.430556,,2026-05-01
3620,信濃,63,9,15,23,0.142857,0.238095,0.365079,,2026-04-23
3621,天野,40,1,13,23,0.025000,0.325000,0.575000,,2026-04-02
3623,深川,77,29,45,58,0.376623,0.584416,0.753247,,2026-05-02
3627,井上,80,11,28,36,0.137500,0.350000,0.450000,,2026-04-28
3629,浅見 昌克,84,22,35,53,0.261905,0.416667,0.630952,48.0000,2026-05-03
3630,黒田,44,2,5,10,0.045455,0.113636,0.227273,,2026-04-22
3631,田添,36,1,2,5,0.027778,0.055556,0.138889,,2026-04-28
3635,石田,63,7,19,27,0.111111,0.301587,0.428571,,2026-04-28
3637,齋藤,66,4,16,25,0.060606,0.242424,0.378788,,2026-04-28
3641,一瀬,88,22,37,54,0.250000,0.420455,0.613636,,2026-04-28
3642,大塚,39,4,6,10,0.102564,0.153846,0.256410,,2026-05-02
3643,米田,86,12,27,44,0.139535,0.313953,0.511628,,2026-04-28
3645,淺田,29,3,12,16,0.103448,0.413793,0.551724,,2026-04-19
3647,伊藤 雄二,70,1,8,18,0.014286,0.114286,0.257143,52.0000,2026-05-03
3652,森下,54,2,8,11,0.037037,0.148148,0.203704,,2026-04-25
3653,品川,53,3,11,24,0.056604,0.207547,0.452830,,2026-04-25
3654,武田,81,24,46,55,0.296296,0.567901,0.679012,,2026-04-19
3655,本橋,96,11,31,52,0.114583,0.322917,0.541667,,2026-05-02
3656,伯母,56,6,16,27,0.107143,0.285714,0.482143,,2026-04-23
3659,藤生,53,9,21,36,0.169811,0.396226,0.679245,,2026-04-25
3660,長谷川,45,2,4,9,0.044444,0.088889,0.200000,,2026-04-28
3661,柳瀬,68,13,24,38,0.191176,0.352941,0.558824,,2026-04-28
3662,大庭,71,14,25,34,0.197183,0.352113,0.478873,,2026-05-01
3663,木山,72,15,27,42,0.208333,0.375000,0.583333,,2026-03-25
3664,鈴木 賢一,65,6,17,35,0.092308,0.261538,0.538462,51.0000,2026-05-03
3679,飯島,78,12,33,46,0.153846,0.423077,0.589744,,2026-05-02
3680,森林,67,5,13,20,0.074627,0.194030,0.298507,,2026-04-28
3681,山谷,48,4,9,16,0.083333,0.187500,0.333333,,2026-04-28
3684,清水,58,10,26,33,0.172414,0.448276,0.568966,,2026-04-28
3685,荒井,70,12,27,37,0.171429,0.385714,0.528571,,2026-04-25
3686,鳥居塚,94,25,39,58,0.265957,0.414894,0.617021,,2026-05-02
3687,花田,57,10,18,29,0.175439,0.315789,0.508772,,2026-04-23
3690,河合,66,6,19,31,0.090909,0.287879,0.469697,,2026-04-28
3692,竹腰,71,7,15,34,0.098592,0.211268,0.478873,,2026-04-28
3696,白井,61,8,16,25,0.131148,0.262295,0.409836,,2026-04-28
3699,富永,44,1,5,9,0.022727,0.113636,0.204545,,2026-05-02
3701,大西,52,1,9,14,0.019231,0.173077,0.269231,,2026-04-28
3703,鳥飼,83,17,36,46,0.204819,0.433735,0.554217,,2026-05-01
3704,本部,37,3,4,11,0.081081,0.108108,0.297297,,2026-04-20
3708,岡部,67,2,14,30,0.029851,0.208955,0.447761,,2026-04-25
3710,吉永,73,8,18,30,0.109589,0.246575,0.410959,,2026-04-28
3711,江本,101,16,43,70,0.158416,0.425743,0.693069,,2026-04-28
3712,淺香,60,6,18,27,0.100000,0.300000,0.450000,,2026-04-22
3713,伊藤,94,23,46,62,0.244681,0.489362,0.659574,,2026-05-02
3714,梶原,73,8,19,34,0.109589,0.260274,0.465753,,2026-04-28
3715,倉尾,63,6,20,37,0.095238,0.317460,0.587302,,2026-04-10
3716,石渡,83,21,37,51,0.253012,0.445783,0.614458,,2026-04-26
3717,立間,60,7,15,29,0.116667,0.250000,0.483333,,2026-04-28
3718,伊達,65,11,15,26,0.169231,0.230769,0.400000,,2026-05-02
3719,栄蔵,85,16,38,59,0.188235,0.447059,0.694118,,2026-04-26
3721,守田,76,17,30,42,0.223684,0.394737,0.552632,,2026-04-30
3722,西村,59,0,3,9,0.000000,0.050847,0.152542,,2026-04-28
3726,桂林,47,7,18,23,0.148936,0.382979,0.489362,,2026-04-28
3730,塩崎,61,8,24,34,0.131148,0.393443,0.557377,,2026-04-28
3731,高濱,59,7,18,31,0.118644,0.305085,0.525424,,2026-04-22
3737,上平,86,24,42,61,0.279070,0.488372,0.709302,,2026-04-26
3740,大澤,98,24,45,60,0.244898,0.459184,0.612245,,2026-05-02
3741,松尾,64,4,10,15,0.062500,0.156250,0.234375,,2026-04-28
3742,宮地,59,5,15,24,0.084746,0.254237,0.406780,,2026-05-01
3743,美憲,72,10,29,39,0.138889,0.402778,0.541667,,2026-04-26
3744,徳増,91,31,45,58,0.340659,0.494505,0.637363,,2026-04-26
3745,橋本,63,6,20,35,0.095238,0.317460,0.555556,,2026-04-30
3746,岡瀬,94,14,35,55,0.148936,0.372340,0.585106,,2026-04-25
3747,國崎,64,10,23,35,0.156250,0.359375,0.546875,,2026-04-21
3748,小黒,71,3,14,27,0.042254,0.197183,0.380282,,2026-04-29
3752,宇土,66,5,12,18,0.075758,0.181818,0.272727,,2026-04-28
3757,和宏,72,11,27,42,0.152778,0.375000,0.583333,,2026-04-28
3761,山本,80,14,29,39,0.175000,0.362500,0.487500,,2026-04-23
3769,佐竹,56,7,21,30,0.125000,0.375000,0.535714,,2026-04-11
3771,折下,66,8,20,32,0.121212,0.303030,0.484848,,2026-05-01
3772,一柳,69,5,16,36,0.072464,0.231884,0.521739,,2026-04-25
3773,津留,55,4,9,21,0.072727,0.163636,0.381818,,2026-05-02
3775,啓文,61,3,11,20,0.049180,0.180328,0.327869,,2026-05-01
3776,横井,57,1,8,10,0.017544,0.140351,0.175439,,2026-05-02
3777,樋口,99,31,51,61,0.313131,0.515152,0.616162,,2026-04-28
3778,安達,36,0,6,10,0.000000,0.166667,0.277778,,2026-04-13
3779,原田,79,19,29,37,0.240506,0.367089,0.468354,,2026-04-26
3783,瓜生,92,24,41,58,0.260870,0.445652,0.630435,,2026-05-01
3784,中島,63,8,17,29,0.126984,0.269841,0.460317,,2026-05-02
3787,天野,55,3,10,18,0.054545,0.181818,0.327273,,2026-04-28
3788,一宮,56,12,29,34,0.214286,0.517857,0.607143,,2026-03-18
3790,佐口,71,6,19,35,0.084507,0.267606,0.492958,,2026-05-02
3792,田中,65,13,31,45,0.200000,0.476923,0.692308,,2026-05-01
3793,高橋,46,4,10,21,0.086957,0.217391,0.456522,,2026-04-29
3796,長野,67,10,25,36,0.149254,0.373134,0.537313,,2026-04-23
3797,岩井,83,2,14,26,0.024096,0.168675,0.313253,,2026-04-13
3800,宏次,48,6,17,28,0.125000,0.354167,0.583333,,2026-04-28
3801,五反田,43,7,15,20,0.162791,0.348837,0.465116,,2026-04-27
3804,中渡,81,5,23,42,0.061728,0.283951,0.518519,,2026-04-28
3805,高橋,69,9,21,34,0.130435,0.304348,0.492754,,2026-04-26
3807,岡部,77,5,17,31,0.064935,0.220779,0.402597,,2026-04-28
3808,秋田,64,5,13,20,0.078125,0.203125,0.312500,,2026-04-27
3809,吉田,35,0,5,14,0.000000,0.142857,0.400000,,2026-05-02
3811,石田,97,22,50,61,0.226804,0.515464,0.628866,,2026-04-28
3812,山崎,60,6,11,27,0.100000,0.183333,0.450000,,2026-05-01
3813,佐藤,93,23,45,63,0.247312,0.483871,0.677419,,2026-04-28
3814,金子,65,7,20,28,0.107692,0.307692,0.430769,,2026-04-24
3820,樫葉,56,1,5,10,0.017857,0.089286,0.178571,,2026-05-01
3822,平尾,57,8,20,32,0.140351,0.350877,0.561404,,2026-04-26
3825,宮嵜,40,2,4,6,0.050000,0.100000,0.150000,,2026-04-13
3826,村田,70,12,32,50,0.171429,0.457143,0.714286,,2026-04-28
3827,今泉,70,4,11,23,0.057143,0.157143,0.328571,,2026-05-02
3828,明石,66,9,21,31,0.136364,0.318182,0.469697,,2026-04-28
3831,安藤,70,6,24,33,0.085714,0.342857,0.471429,,2026-04-25
3832,下田,7,0,0,0,0.000000,0.000000,0.000000,,2026-04-28
3833,中辻,107,23,46,70,0.214953,0.429907,0.654206,,2026-04-28
3834,細川,67,5,10,13,0.074627,0.149254,0.194030,,2026-04-24
3837,秋山,74,17,30,46,0.229730,0.405405,0.621622,,2026-04-28
3838,伊藤,55,7,22,30,0.127273,0.400000,0.545455,,2026-04-20
3839,川合,69,0,8,21,0.000000,0.115942,0.304348,,2026-05-02
3841,佐々木,68,10,25,39,0.147059,0.367647,0.573529,,2026-04-29
3842,星野,53,8,12,21,0.150943,0.226415,0.396226,,2026-04-22
3843,上之,77,9,20,33,0.116883,0.259740,0.428571,,2026-04-28
3845,中谷,63,12,21,37,0.190476,0.333333,0.587302,,2026-04-27
3848,川上,91,8,30,40,0.087912,0.329670,0.439560,,2026-04-23
3849,中岡,74,29,41,48,0.391892,0.554054,0.648649,,2026-03-29
3850,小川,72,12,21,35,0.166667,0.291667,0.486111,,2026-04-28
3851,森田,31,0,1,2,0.000000,0.032258,0.064516,,2026-03-05
3852,大介,40,2,5,9,0.050000,0.125000,0.225000,,2026-04-18
3853,岩崎,68,15,30,43,0.220588,0.441176,0.632353,,2026-05-01
3854,吉川,55,11,19,29,0.200000,0.345455,0.527273,,2026-04-08
3857,阿波,73,9,18,26,0.123288,0.246575,0.356164,,2026-04-28
3859,多羅尾,50,7,16,22,0.140000,0.320000,0.440000,,2026-05-01
3860,松本,65,2,12,19,0.030769,0.184615,0.292308,,2026-04-23
3863,海老澤,53,4,11,27,0.075472,0.207547,0.509434,,2026-04-25
3866,木山,68,7,23,35,0.102941,0.338235,0.514706,,2026-04-28
3867,松浦,61,2,8,12,0.032787,0.131148,0.196721,,2026-04-22
3868,尾形,75,8,18,31,0.106667,0.240000,0.413333,,2026-04-27
3869,井芹,50,2,7,14,0.040000,0.140000,0.280000,,2026-05-01
3870,寺嶋,70,9,22,30,0.128571,0.314286,0.428571,,2026-05-01
3871,池田,55,7,14,24,0.127273,0.254545,0.436364,,2026-04-13
3872,岡田,65,18,31,42,0.276923,0.476923,0.646154,,2026-04-28
3873,別府,29,0,1,4,0.000000,0.034483,0.137931,,2026-02-03
3874,山本,74,19,32,45,0.256757,0.432432,0.608108,,2026-04-23
3875,廣中,75,8,18,28,0.106667,0.240000,0.373333,,2026-04-28
3876,中辻,76,24,34,44,0.315789,0.447368,0.578947,,2026-04-26
3878,胡本,47,5,11,18,0.106383,0.234043,0.382979,,2026-03-25
3880,浅見 宗孝,70,7,16,28,0.100000,0.228571,0.400000,51.0000,2026-05-03
3882,新田,76,10,19,41,0.131579,0.250000,0.539474,,2026-04-28
3885,久田,56,13,20,30,0.232143,0.357143,0.535714,,2026-04-30
3888,山本,85,13,29,45,0.152941,0.341176,0.529412,,2026-04-28
3889,須藤,69,3,15,22,0.043478,0.217391,0.318841,,2026-05-02
3891,谷口,66,4,7,17,0.060606,0.106061,0.257576,,2026-04-27
3892,草場,57,7,12,29,0.122807,0.210526,0.508772,,2026-04-20
3893,汐崎,65,8,18,30,0.123077,0.276923,0.461538,,2026-04-30
3895,堀本,36,4,8,15,0.111111,0.222222,0.416667,,2026-03-01
3896,上田,65,9,21,36,0.138462,0.323077,0.553846,,2026-04-22
3897,白井,93,24,50,66,0.258065,0.537634,0.709677,,2026-04-26
3898,平田,71,21,34,51,0.295775,0.478873,0.718310,,2026-05-01
3900,香川,84,14,35,54,0.166667,0.416667,0.642857,,2026-04-20
3901,松田,43,4,9,16,0.093023,0.209302,0.372093,,2026-04-24
3904,貴洋,53,6,16,25,0.113208,0.301887,0.471698,,2026-04-23
3905,天野,84,17,41,58,0.202381,0.488095,0.690476,,2026-04-23
3906,飯山,74,4,16,29,0.054054,0.216216,0.391892,,2026-05-01
3907,村越,83,11,27,42,0.132530,0.325301,0.506024,,2026-04-28
3908,重成,72,25,36,46,0.347222,0.500000,0.638889,,2026-04-26
3909,佐々木,86,23,40,53,0.267442,0.465116,0.616279,,2026-04-26
3910,松下,75,9,15,25,0.120000,0.200000,0.333333,,2026-04-28
3911,鈴木,89,15,33,43,0.168539,0.370787,0.483146,,2026-04-23
3912,川原,73,18,28,37,0.246575,0.383562,0.506849,,2026-05-01
3915,繁野谷,73,11,22,36,0.150685,0.301370,0.493151,,2026-04-30
3918,深井,90,25,48,68,0.277778,0.533333,0.755556,,2026-04-30
3920,正木,69,9,23,37,0.130435,0.333333,0.536232,,2026-04-24
3921,川村,19,3,3,7,0.157895,0.157895,0.368421,,2026-02-04
3922,菅沼,71,3,13,23,0.042254,0.183099,0.323944,,2026-04-23
3928,恵祐,69,6,10,19,0.086957,0.144928,0.275362,,2026-04-28
3929,杢野,60,6,13,22,0.100000,0.216667,0.366667,,2026-04-28
3930,岸本,58,10,21,31,0.172414,0.362069,0.534483,,2026-04-19
3931,黒崎,65,12,26,38,0.184615,0.400000,0.584615,,2026-04-06
3932,池田,62,10,20,25,0.161290,0.322581,0.403226,,2026-04-21
3933,山地,75,10,29,43,0.133333,0.386667,0.573333,,2026-04-25
3934,鋤柄,78,8,19,33,0.102564,0.243590,0.423077,,2026-05-02
3935,岩津,40,3,11,17,0.075000,0.275000,0.425000,,2026-04-24
3939,渡辺,8,2,4,4,0.250000,0.500000,0.500000,,2026-04-10
3940,飯山,94,24,39,56,0.255319,0.414894,0.595745,,2026-04-27
3941,池田,80,27,43,60,0.337500,0.537500,0.750000,,2026-05-02
3942,寺田,69,19,37,44,0.275362,0.536232,0.637681,,2026-04-26
3943,三松,14,0,0,1,0.000000,0.000000,0.071429,,2026-04-25
3944,山口,84,18,36,51,0.214286,0.428571,0.607143,,2026-04-26
3945,橋口,61,4,13,22,0.065574,0.213115,0.360656,,2026-05-02
3946,赤岩,70,18,37,50,0.257143,0.528571,0.714286,,2026-04-26
3947,寺本,74,7,12,27,0.094595,0.162162,0.364865,,2026-05-02
3948,大町,57,3,9,20,0.052632,0.157895,0.350877,,2026-04-30
3949,今出,58,1,10,16,0.017241,0.172414,0.275862,,2026-04-25
3950,石川,67,4,15,29,0.059701,0.223881,0.432836,,2026-04-28
3951,石川,72,10,20,34,0.138889,0.277778,0.472222,,2026-04-28
3952,中澤 和志,94,29,43,58,0.308511,0.457447,0.617021,53.0000,2026-05-03
3953,志道,17,1,2,4,0.058824,0.117647,0.235294,,2026-01-20
3955,眞田,48,4,13,24,0.083333,0.270833,0.500000,,2026-04-21
3956,横澤,66,19,28,37,0.287879,0.424242,0.560606,,2026-04-28
3957,大谷,69,9,20,37,0.130435,0.289855,0.536232,,2026-04-28
3959,坪井,77,19,36,50,0.246753,0.467532,0.649351,,2026-04-26
3960,菊地,89,22,33,46,0.247191,0.370787,0.516854,,2026-04-26
3961,谷村,90,22,39,61,0.244444,0.433333,0.677778,,2026-04-16
3963,原田,78,14,32,49,0.179487,0.410256,0.628205,,2026-04-28
3964,宮地,62,4,15,26,0.064516,0.241935,0.419355,,2026-05-02
3965,北中,91,23,48,63,0.252747,0.527473,0.692308,,2026-04-30
3966,作間,92,23,37,60,0.250000,0.402174,0.652174,,2026-04-20
3967,鈴木,60,7,20,25,0.116667,0.333333,0.416667,,2026-05-02
3968,茶谷,72,11,23,46,0.152778,0.319444,0.638889,,2026-04-20
3973,利仁,70,4,12,17,0.057143,0.171429,0.242857,,2026-05-02
3974,深山,62,4,17,25,0.064516,0.274194,0.403226,,2026-04-22
3975,小野寺,79,18,31,49,0.227848,0.392405,0.620253,,2026-04-28
3976,内田,62,7,12,16,0.112903,0.193548,0.258065,,2026-04-28
3977,山本,67,8,14,27,0.119403,0.208955,0.402985,,2026-04-28
3978,齊藤,76,15,28,39,0.197368,0.368421,0.513158,,2026-04-26
3981,今坂,72,12,13,20,0.166667,0.180556,0.277778,,2026-04-28
3982,福田,66,4,11,18,0.060606,0.166667,0.272727,,2026-04-28
3983,須藤 博倫,86,23,39,60,0.267442,0.453488,0.697674,51.5000,2026-05-03
3984,坂口,94,25,41,61,0.265957,0.436170,0.648936,,2026-04-21
3986,沖島,49,6,16,26,0.122449,0.326531,0.530612,,2026-03-20
3987,後藤,75,15,33,47,0.200000,0.440000,0.626667,,2026-04-23
3988,古川,81,20,34,47,0.246914,0.419753,0.580247,,2026-05-02
3989,熊本,66,7,10,16,0.106061,0.151515,0.242424,,2026-04-28
3990,芹澤,71,9,16,27,0.126761,0.225352,0.380282,,2026-04-27
3992,関口 智久,55,9,16,24,0.163636,0.290909,0.436364,53.0000,2026-05-03
3993,永井,72,9,23,39,0.125000,0.319444,0.541667,,2026-04-20
3994,小野,83,8,27,42,0.096386,0.325301,0.506024,,2026-04-27
3995,重野,85,22,38,58,0.258824,0.447059,0.682353,,2026-04-29
3997,北村,101,27,45,69,0.267327,0.445545,0.683168,,2026-04-26
3998,冨成,61,3,16,22,0.049180,0.262295,0.360656,,2026-05-02
3999,大瀧,97,21,39,57,0.216495,0.402062,0.587629,,2026-04-28
4000,松本,95,19,41,59,0.200000,0.431579,0.621053,,2026-04-25
4002,古結,81,19,30,46,0.234568,0.370370,0.567901,,2026-04-26
4003,憲一,61,8,23,37,0.131148,0.377049,0.606557,,2026-04-30
4004,山本,81,13,26,43,0.160494,0.320988,0.530864,,2026-04-28
4006,小野,79,10,30,42,0.126582,0.379747,0.531646,,2026-05-02
4007,榮田,46,4,11,19,0.086957,0.239130,0.413043,,2026-04-24
4009,小林,56,12,19,32,0.214286,0.339286,0.571429,,2026-03-29
4010,越智,68,4,10,21,0.058824,0.147059,0.308824,,2026-04-28
4011,堀之内紀代子,62,14,21,30,0.225806,0.338710,0.483871,,2026-04-28
4012,中村,83,23,38,47,0.277108,0.457831,0.566265,,2026-04-14
4013,中島,88,21,40,55,0.238636,0.454545,0.625000,,2026-04-26
4014,片岡,72,13,30,37,0.180556,0.416667,0.513889,,2026-04-13
4015,前野,91,17,38,58,0.186813,0.417582,0.637363,,2026-04-28
4016,西川,69,7,24,37,0.101449,0.347826,0.536232,,2026-04-28
4017,向井,86,13,28,46,0.151163,0.325581,0.534884,,2026-04-19
4019,笠原,79,18,36,46,0.227848,0.455696,0.582278,,2026-04-26
4020,川上,75,9,22,34,0.120000,0.293333,0.453333,,2026-04-28
4022,待鳥,56,5,11,16,0.089286,0.196429,0.285714,,2026-04-28
4023,柴田,61,4,12,21,0.065574,0.196721,0.344262,,2026-04-23
4024,井口,71,9,22,36,0.126761,0.309859,0.507042,,2026-04-23
4025,山本,41,11,24,30,0.268293,0.585366,0.731707,,2026-02-18
4027,松江,64,14,21,33,0.218750,0.328125,0.515625,,2026-05-02
4028,田村,86,29,44,56,0.337209,0.511628,0.651163,,2026-04-28
4030,森高,92,15,35,53,0.163043,0.380435,0.576087,,2026-04-26
4031,飯島,65,7,19,27,0.107692,0.292308,0.415385,,2026-04-23
4033,伊藤,85,18,38,52,0.211765,0.447059,0.611765,,2026-04-26
4034,西原,58,3,8,13,0.051724,0.137931,0.224138,,2026-04-28
4035,杉江,80,8,20,28,0.100000,0.250000,0.350000,,2026-05-02
4036,金田,82,21,38,56,0.256098,0.463415,0.682927,,2026-04-21
4039,村上,90,11,28,43,0.122222,0.311111,0.477778,,2026-04-30
4040,廣瀬,90,20,39,51,0.222222,0.433333,0.566667,,2026-04-25
4041,小林,43,4,9,15,0.093023,0.209302,0.348837,,2026-04-20
4042,丸岡,94,20,39,56,0.212766,0.414894,0.595745,,2026-04-25
4043,桐本,66,10,24,38,0.151515,0.363636,0.575758,,2026-04-19
4044,湯川,90,24,38,55,0.266667,0.422222,0.611111,,2026-04-26
4045,佐々木,62,4,13,18,0.064516,0.209677,0.290323,,2026-04-13
4047,吉永,63,4,11,23,0.063492,0.174603,0.365079,,2026-04-30
4049,荒川,99,20,36,56,0.202020,0.363636,0.565657,,2026-04-25
4050,田口,89,24,42,60,0.269663,0.471910,0.674157,,2026-04-26
4051,清水,57,13,25,40,0.228070,0.438596,0.701754,,2026-04-23
4052,興津,87,17,34,53,0.195402,0.390805,0.609195,,2026-04-28
4053,芦澤,78,16,35,52,0.205128,0.448718,0.666667,,2026-04-12
4054,福嶋,63,7,21,27,0.111111,0.333333,0.428571,,2026-04-22
4055,吉田,101,19,40,57,0.188119,0.396040,0.564356,,2026-05-01
4057,松井,101,18,45,59,0.178218,0.445545,0.584158,,2026-04-29
4058,野末,91,17,40,60,0.186813,0.439560,0.659341,,2026-04-28
4059,入澤,82,13,28,40,0.158537,0.341463,0.487805,,2026-04-15
4060,島田,52,3,13,23,0.057692,0.250000,0.442308,,2026-04-28
4061,萩原,118,29,58,81,0.245763,0.491525,0.686441,,2026-04-26
4062,後藤,73,5,15,26,0.068493,0.205479,0.356164,,2026-04-28
4063,市橋,88,21,42,59,0.238636,0.477273,0.670455,,2026-04-25
4064,原田,68,15,28,43,0.220588,0.411765,0.632353,,2026-04-25
4065,金田,58,8,22,28,0.137931,0.379310,0.482759,,2026-04-28
4066,東本,91,19,34,58,0.208791,0.373626,0.637363,,2026-04-25
4067,永井,100,21,41,64,0.210000,0.410000,0.640000,,2026-05-02
4068,幸田,74,2,14,37,0.027027,0.189189,0.500000,,2026-04-28
4069,山本,93,15,37,57,0.161290,0.397849,0.612903,,2026-04-28
4071,古賀,41,2,6,13,0.048780,0.146341,0.317073,,2026-03-27
4072,森永,47,15,22,27,0.319149,0.468085,0.574468,,2026-04-28
4073,大橋,84,28,46,56,0.333333,0.547619,0.666667,,2026-04-22
4074,柳沢,87,17,43,59,0.195402,0.494253,0.678161,,2026-05-02
4075,中野,86,17,37,52,0.197674,0.430233,0.604651,,2026-05-01
4076,杉田,94,14,33,50,0.148936,0.351064,0.531915,,2026-04-28
4077,品田,87,20,33,53,0.229885,0.379310,0.609195,,2026-04-28
4079,出畑,66,11,24,42,0.166667,0.363636,0.636364,,2026-04-21
4080,山崎,25,7,14,18,0.280000,0.560000,0.720000,,2026-01-26
4081,樋口,68,5,14,23,0.073529,0.205882,0.338235,,2026-04-28
4082,濱崎,73,14,26,38,0.191781,0.356164,0.520548,,2026-04-30
4083,福島,89,36,56,69,0.404494,0.629213,0.775281,,2026-04-26
4084,杉山,104,27,49,65,0.259615,0.471154,0.625000,,2026-05-02
4085,荻野,45,2,12,23,0.044444,0.266667,0.511111,,2026-05-01
4086,寺本,86,19,37,55,0.220930,0.430233,0.639535,,2026-05-01
4089,妹尾,92,12,31,54,0.130435,0.336957,0.586957,,2026-04-23
4090,中村,39,4,8,17,0.102564,0.205128,0.435897,,2026-02-11
4092,岡部,66,10,18,31,0.151515,0.272727,0.469697,,2026-05-02
4093,吉田,65,4,12,23,0.061538,0.184615,0.353846,,2026-04-29
4094,中島,58,6,17,24,0.103448,0.293103,0.413793,,2026-05-02
4095,福来,102,33,60,74,0.323529,0.588235,0.725490,,2026-05-01
4096,石橋,68,18,33,42,0.264706,0.485294,0.617647,,2026-04-24
4097,貫地谷,57,0,7,16,0.000000,0.122807,0.280702,,2026-04-25
4098,赤澤,54,9,19,24,0.166667,0.351852,0.444444,,2026-04-19
4099,吉永,78,16,30,48,0.205128,0.384615,0.615385,,2026-04-19
4100,松田,67,9,22,35,0.134328,0.328358,0.522388,,2026-04-28
4102,益田,98,34,50,63,0.346939,0.510204,0.642857,,2026-05-01
4103,山崎,46,1,5,8,0.021739,0.108696,0.173913,,2026-03-31
4104,木下,65,8,15,25,0.123077,0.230769,0.384615,,2026-04-26
4105,松下,79,5,17,37,0.063291,0.215190,0.468354,,2026-04-28
4106,坂井,57,1,8,18,0.017544,0.140351,0.315789,,2026-04-23
4108,吉村,66,21,37,47,0.318182,0.560606,0.712121,,2026-04-28
4109,谷津 幸宏,97,21,36,58,0.216495,0.371134,0.597938,50.0000,2026-05-03
4110,小澤,71,10,17,28,0.140845,0.239437,0.394366,,2026-04-25
4111,奥田,72,13,27,39,0.180556,0.375000,0.541667,,2026-04-22
4112,大久保信一郎,73,17,30,46,0.232877,0.410959,0.630137,,2026-04-28
4113,木村,68,11,18,30,0.161765,0.264706,0.441176,,2026-04-22
4114,深澤,69,4,19,36,0.057971,0.275362,0.521739,,2026-05-01
4116,川田,53,4,12,24,0.075472,0.226415,0.452830,,2026-04-22
4117,廣中,79,11,33,48,0.139241,0.417722,0.607595,,2026-05-01
4118,宇佐見,100,19,39,58,0.190000,0.390000,0.580000,,2026-04-28
4119,泥谷,66,5,20,39,0.075758,0.303030,0.590909,,2026-04-30
4120,柘植,87,20,36,46,0.229885,0.413793,0.528736,,2026-04-30
4121,富永,80,18,32,45,0.225000,0.400000,0.562500,,2026-05-01
4122,安東,88,16,28,48,0.181818,0.318182,0.545455,,2026-04-22
4123,細川,96,25,49,69,0.260417,0.510417,0.718750,,2026-04-28
4124,池田,80,18,32,47,0.225000,0.400000,0.587500,,2026-04-27
4128,川口,70,15,25,36,0.214286,0.357143,0.514286,,2026-05-02
4129,宇野,73,7,15,26,0.095890,0.205479,0.356164,,2026-04-28
4131,豊土,60,15,32,40,0.250000,0.533333,0.666667,,2026-04-28
4133,高橋,71,15,38,48,0.211268,0.535211,0.676056,,2026-04-26
4134,杉山,63,11,25,38,0.174603,0.396825,0.603175,,2026-05-01
4136,江夏,70,15,29,43,0.214286,0.414286,0.614286,,2026-05-01
4137,君島,104,24,50,68,0.230769,0.480769,0.653846,,2026-04-30
4138,中井,65,9,18,27,0.138462,0.276923,0.415385,,2026-04-28
4139,丹下,56,6,13,20,0.107143,0.232143,0.357143,,2026-03-31
4140,梶野,70,15,35,43,0.214286,0.500000,0.614286,,2026-04-22
4142,平野,88,15,30,51,0.170455,0.340909,0.579545,,2026-04-23
4143,浦田,53,3,10,23,0.056604,0.188679,0.433962,,2026-05-02
4144,石塚 久也,82,19,37,53,0.231707,0.451220,0.646341,50.0000,2026-05-03
4145,小澤,58,2,9,17,0.034483,0.155172,0.293103,,2026-04-28
4146,柳橋,84,21,34,54,0.250000,0.404762,0.642857,,2026-05-01
4148,枝尾,76,19,39,51,0.250000,0.513158,0.671053,,2026-04-28
4150,山田,77,21,35,46,0.272727,0.454545,0.597403,,2026-04-28
4151,下河,64,10,22,35,0.156250,0.343750,0.546875,,2026-04-28
4152,深水,53,11,23,27,0.207547,0.433962,0.509434,,2026-04-02
4154,森安,60,6,20,31,0.100000,0.333333,0.516667,,2026-04-28
4155,長野,79,21,38,49,0.265823,0.481013,0.620253,,2026-04-28
4156,浜野,68,8,21,38,0.117647,0.308824,0.558824,,2026-04-21
4158,木場,59,8,20,29,0.135593,0.338983,0.491525,,2026-04-20
4159,向後 龍一,95,19,42,58,0.200000,0.442105,0.610526,49.0000,2026-05-03
4161,黒柳,87,11,32,49,0.126437,0.367816,0.563218,,2026-04-25
4162,竹本,40,5,12,20,0.125000,0.300000,0.500000,,2026-03-11
4163,山崎,79,18,32,41,0.227848,0.405063,0.518987,,2026-04-20
4164,岩永,62,3,13,24,0.048387,0.209677,0.387097,,2026-05-02
4166,吉田,89,20,39,59,0.224719,0.438202,0.662921,,2026-04-28
4167,片岡,65,1,5,16,0.015385,0.076923,0.246154,,2026-04-28
4168,石野,80,26,40,53,0.325000,0.500000,0.662500,,2026-04-17
4169,多田,43,2,8,11,0.046512,0.186047,0.255814,,2026-04-28
4171,幸司,93,24,38,54,0.258065,0.408602,0.580645,,2026-04-28
4172,森定,98,19,44,65,0.193878,0.448980,0.663265,,2026-04-22
4173,岡谷,75,13,29,42,0.173333,0.386667,0.560000,,2026-04-25
4174,赤坂,92,18,34,58,0.195652,0.369565,0.630435,,2026-05-01
4175,川尻,65,13,31,43,0.200000,0.476923,0.661538,,2026-04-23
4176,樋口,20,1,4,8,0.050000,0.200000,0.400000,,2026-04-20
4177,正嗣,64,10,16,28,0.156250,0.250000,0.437500,,2026-05-02
4179,広次,58,11,22,36,0.189655,0.379310,0.620690,,2026-04-28
4180,上野,70,14,27,44,0.200000,0.385714,0.628571,,2026-04-28
4181,花本,53,3,10,18,0.056604,0.188679,0.339623,,2026-04-19
4182,吉田,72,9,21,33,0.125000,0.291667,0.458333,,2026-04-23
4183,宇野,99,26,35,43,0.262626,0.353535,0.434343,,2026-04-29
4184,渡邊,77,24,41,60,0.311688,0.532468,0.779221,,2026-04-22
4186,小川 時光,55,3,9,17,0.054545,0.163636,0.309091,51.0000,2026-05-03
4188,久田,87,28,51,69,0.321839,0.586207,0.793103,,2026-05-02
4189,川上,96,32,44,64,0.333333,0.458333,0.666667,,2026-04-28
4191,赤羽 克也,60,15,29,38,0.250000,0.483333,0.633333,49.0000,2026-05-03
4193,郷原,92,18,34,51,0.195652,0.369565,0.554348,,2026-04-28
4195,前川,51,8,17,21,0.156863,0.333333,0.411765,,2026-04-26
4196,田中,69,8,16,25,0.115942,0.231884,0.362319,,2026-05-02
4197,渥美,70,7,11,20,0.100000,0.157143,0.285714,,2026-04-28
4199,北川,107,25,48,71,0.233645,0.448598,0.663551,,2026-04-28
4200,早川,70,5,17,27,0.071429,0.242857,0.385714,,2026-04-28
4201,佐竹,66,6,10,20,0.090909,0.151515,0.303030,,2026-04-28
4202,浮田,55,6,17,24,0.109091,0.309091,0.436364,,2026-04-17
4203,小倉,74,7,16,29,0.094595,0.216216,0.391892,,2026-04-27
4204,柴田,67,7,18,25,0.104478,0.268657,0.373134,,2026-04-28
4205,山口,60,14,33,43,0.233333,0.550000,0.716667,,2026-03-29
4207,松下,65,19,33,38,0.292308,0.507692,0.584615,,2026-03-30
4208,三浦,88,29,46,64,0.329545,0.522727,0.727273,,2026-04-27
4209,藤田,62,10,20,34,0.161290,0.322581,0.548387,,2026-04-22
4210,松村,88,15,30,52,0.170455,0.340909,0.590909,,2026-04-27
4211,村田,65,0,3,18,0.000000,0.046154,0.276923,,2026-04-21
4213,重富,67,4,15,23,0.059701,0.223881,0.343284,,2026-04-28
4214,祐介,65,9,19,32,0.138462,0.292308,0.492308,,2026-04-20
4215,吉島,82,17,28,47,0.207317,0.341463,0.573171,,2026-04-28
4216,栄爾,72,7,21,34,0.097222,0.291667,0.472222,,2026-04-28
4218,吉川,98,21,51,70,0.214286,0.520408,0.714286,,2026-04-21
4219,本岡,74,3,9,20,0.040541,0.121622,0.270270,,2026-04-25
4220,深川,59,10,16,23,0.169492,0.271186,0.389831,,2026-04-28
4224,大橋,89,14,29,47,0.157303,0.325843,0.528090,,2026-04-25
4225,土屋,77,16,33,49,0.207792,0.428571,0.636364,,2026-04-27
4226,村田,73,11,21,31,0.150685,0.287671,0.424658,,2026-04-28
4227,安達,89,22,36,54,0.247191,0.404494,0.606742,,2026-04-25
4228,吉田,90,19,35,55,0.211111,0.388889,0.611111,,2026-04-28
4229,市川,53,2,4,16,0.037736,0.075472,0.301887,,2026-05-02
4230,濱崎,68,22,38,47,0.323529,0.558824,0.691176,,2026-04-27
4231,鈴木,95,16,30,52,0.168421,0.315789,0.547368,,2026-04-28
4232,雅雄,67,18,30,40,0.268657,0.447761,0.597015,,2026-05-01
4233,亀山,87,18,34,57,0.206897,0.390805,0.655172,,2026-04-28
4234,野相,59,9,16,26,0.152542,0.271186,0.440678,,2026-04-24
4236,松村,87,27,45,66,0.310345,0.517241,0.758621,,2026-04-21
4237,大峯,76,22,40,53,0.289474,0.526316,0.697368,,2026-04-28
4238,毒島,67,33,49,57,0.492537,0.731343,0.850746,,2026-05-02
4239,竹田,61,14,32,41,0.229508,0.524590,0.672131,,2026-04-28
4240,今井,57,11,25,38,0.192982,0.438596,0.666667,,2026-04-27
4241,大串,95,15,34,60,0.157895,0.357895,0.631579,,2026-04-28
4243,西村,67,15,22,33,0.223881,0.328358,0.492537,,2026-04-27
4244,鈴木,9,0,0,0,0.000000,0.000000,0.000000,,2026-01-11
4245,高橋,56,8,12,20,0.142857,0.214286,0.357143,,2026-04-28
4246,喜多,68,5,14,27,0.073529,0.205882,0.397059,,2026-04-19
4247,齊藤,68,9,17,31,0.132353,0.250000,0.455882,,2026-04-28
4248,岡本,62,2,10,24,0.032258,0.161290,0.387097,,2026-04-28
4251,川崎,74,6,17,31,0.081081,0.229730,0.418919,,2026-04-28
4252,松下,61,7,13,21,0.114754,0.213115,0.344262,,2026-04-28
4253,西川,78,5,13,30,0.064103,0.166667,0.384615,,2026-04-30
4254,川島,65,9,15,29,0.138462,0.230769,0.446154,,2026-04-05
4256,渡辺,88,19,51,72,0.215909,0.579545,0.818182,,2026-04-25
4257,古川,64,5,12,22,0.078125,0.187500,0.343750,,2026-05-01
4258,関根,63,6,20,28,0.095238,0.317460,0.444444,,2026-04-28
4259,真庭,98,18,37,56,0.183673,0.377551,0.571429,,2026-05-01
4260,中越,72,9,20,30,0.125000,0.277778,0.416667,,2026-04-28
4261,祐臣,92,15,38,54,0.163043,0.413043,0.586957,,2026-04-17
4262,馬場,93,29,45,64,0.311828,0.483871,0.688172,,2026-04-30
4263,武重,67,11,23,29,0.164179,0.343284,0.432836,,2026-04-25
4264,長尾,90,27,54,72,0.300000,0.600000,0.800000,,2026-04-22
4266,長田,80,19,36,44,0.237500,0.450000,0.550000,,2026-05-01
4268,和合,42,0,1,8,0.000000,0.023810,0.190476,,2026-03-25
4269,杉山,76,17,28,42,0.223684,0.368421,0.552632,,2026-04-25
4270,岸本,49,8,16,27,0.163265,0.326531,0.551020,,2026-03-31
4271,川崎,74,4,13,24,0.054054,0.175676,0.324324,,2026-04-25
4272,大場,52,6,12,20,0.115385,0.230769,0.384615,,2026-05-01
4273,佐藤,69,12,21,34,0.173913,0.304348,0.492754,,2026-04-28
4274,長畑,62,6,13,23,0.096774,0.209677,0.370968,,2026-04-28
4275,菅野,42,1,3,10,0.023810,0.071429,0.238095,,2026-04-13
4276,鈴木,64,16,26,33,0.250000,0.406250,0.515625,,2026-04-16
4277,金田,54,10,20,23,0.185185,0.370370,0.425926,,2026-04-24
4278,藤岡,94,30,48,59,0.319149,0.510638,0.627660,,2026-04-28
4281,大澤,61,9,20,31,0.147541,0.327869,0.508197,,2026-04-28
4283,石井,51,2,5,16,0.039216,0.098039,0.313725,,2026-04-22
4286,平田,94,14,39,53,0.148936,0.414894,0.563830,,2026-05-01
4287,今井,63,8,23,37,0.126984,0.365079,0.587302,,2026-05-01
4288,永田,90,32,51,71,0.355556,0.566667,0.788889,,2026-04-28
4289,落合,90,22,34,51,0.244444,0.377778,0.566667,,2026-04-27
4290,稲田,87,20,38,60,0.229885,0.436782,0.689655,,2026-04-28
4292,麻生,63,15,29,39,0.238095,0.460317,0.619048,,2026-04-22
4293,鈴木,72,8,18,31,0.111111,0.250000,0.430556,,2026-05-02
4294,古賀,82,25,34,45,0.304878,0.414634,0.548780,,2026-05-02
4295,小坂,84,26,46,63,0.309524,0.547619,0.750000,,2026-04-18
4296,岡崎,46,12,23,33,0.260870,0.500000,0.717391,,2026-02-24
4297,山田,99,21,41,60,0.212121,0.414141,0.606061,,2026-05-01
4298,宮下,87,15,37,53,0.172414,0.425287,0.609195,,2026-04-28
4299,中島,67,4,15,30,0.059701,0.223881,0.447761,,2026-04-28
4300,加藤,75,9,21,43,0.120000,0.280000,0.573333,,2026-04-27
4301,裕也,50,4,12,21,0.080000,0.240000,0.420000,,2026-04-21
4302,西野,86,27,45,58,0.313953,0.523256,0.674419,,2026-04-19
4303,牧原,65,7,20,33,0.107692,0.307692,0.507692,,2026-04-28
4305,金子,79,26,40,55,0.329114,0.506329,0.696203,,2026-05-02
4306,畔柳,57,5,15,27,0.087719,0.263158,0.473684,,2026-05-02
4308,河村,101,28,46,73,0.277228,0.455446,0.722772,,2026-04-28
4311,岡村,94,30,50,67,0.319149,0.531915,0.712766,,2026-04-23
4313,西村,83,20,37,45,0.240964,0.445783,0.542169,,2026-04-28
4314,青木,72,15,26,37,0.208333,0.361111,0.513889,,2026-03-25
4315,山崎,66,12,21,25,0.181818,0.318182,0.378788,,2026-04-25
4317,木村,71,12,21,25,0.169014,0.295775,0.352113,,2026-04-27
4318,桑原,62,9,25,40,0.145161,0.403226,0.645161,,2026-04-28
4319,三宅,78,13,30,43,0.166667,0.384615,0.551282,,2026-04-28
4320,竜太,57,17,29,42,0.298246,0.508772,0.736842,,2026-05-02
4323,山田,65,12,22,29,0.184615,0.338462,0.446154,,2026-04-16
4324,海野,83,31,47,56,0.373494,0.566265,0.674699,,2026-04-28
4325,新出,44,1,7,18,0.022727,0.159091,0.409091,,2026-04-30
4327,加藤,71,2,13,26,0.028169,0.183099,0.366197,,2026-04-28
4329,小松,66,7,14,36,0.106061,0.212121,0.545455,,2026-04-28
4330,奈須,94,22,38,55,0.234043,0.404255,0.585106,,2026-05-01
4331,三好,81,19,32,47,0.234568,0.395062,0.580247,,2026-04-28
4332,村上,58,2,15,22,0.034483,0.258621,0.379310,,2026-04-28
4335,若林,80,25,43,66,0.312500,0.537500,0.825000,,2026-05-01
4336,松田,58,8,19,26,0.137931,0.327586,0.448276,,2026-04-25
4337,平本,99,29,53,72,0.292929,0.535354,0.727273,,2026-04-29
4339,平瀬,69,4,11,21,0.057971,0.159420,0.304348,,2026-04-28
4342,谷野,98,29,42,54,0.295918,0.428571,0.551020,,2026-04-29
4343,村岡,60,8,17,28,0.133333,0.283333,0.466667,,2026-04-28
4344,新田,70,17,35,52,0.242857,0.500000,0.742857,,2026-04-16
4345,西舘,87,19,39,47,0.218391,0.448276,0.540230,,2026-04-28
4346,前田,81,14,23,29,0.172840,0.283951,0.358025,,2026-05-01
4347,魚谷,74,13,26,47,0.175676,0.351351,0.635135,,2026-04-27
4348,宮崎,76,7,27,44,0.092105,0.355263,0.578947,,2026-04-28
4349,犬童,63,5,14,23,0.079365,0.222222,0.365079,,2026-04-27
4350,篠崎,77,31,49,57,0.402597,0.636364,0.740260,,2026-05-01
4351,里岡,100,39,58,73,0.390000,0.580000,0.730000,,2026-04-28
4352,下條,65,17,31,37,0.261538,0.476923,0.569231,,2026-03-13
4355,小川,67,0,4,9,0.000000,0.059701,0.134328,,2026-04-29
4356,長岡,54,9,16,22,0.166667,0.296296,0.407407,,2026-03-27
4357,田中,83,26,48,65,0.313253,0.578313,0.783133,,2026-04-28
4358,松本,52,1,11,14,0.019231,0.211538,0.269231,,2026-04-27
4359,横川,77,14,33,42,0.181818,0.428571,0.545455,,2026-04-22
4360,庄司,76,12,26,44,0.157895,0.342105,0.578947,,2026-04-28
4361,柳生,73,22,35,50,0.301370,0.479452,0.684932,,2026-04-16
4362,土屋,71,17,36,50,0.239437,0.507042,0.704225,,2026-05-02
4363,大野,92,18,38,54,0.195652,0.413043,0.586957,,2026-04-22
4364,池永,80,20,30,42,0.250000,0.375000,0.525000,,2026-05-01
4365,盛本,65,14,25,35,0.215385,0.384615,0.538462,,2026-04-05
4366,前沢,101,31,52,77,0.306931,0.514851,0.762376,,2026-04-28
4367,山口,42,1,4,13,0.023810,0.095238,0.309524,,2026-04-28
4368,山口,64,5,10,17,0.078125,0.156250,0.265625,,2026-04-28
4369,丹下,87,19,35,56,0.218391,0.402299,0.643678,,2026-04-28
4370,山口,60,15,26,30,0.250000,0.433333,0.500000,,2026-03-29
4371,西山,73,18,37,50,0.246575,0.506849,0.684932,,2026-04-28
4372,原田,50,15,22,33,0.300000,0.440000,0.660000,,2026-04-13
4373,若狭,93,17,38,61,0.182796,0.408602,0.655914,,2026-04-20
4374,永田,60,4,10,19,0.066667,0.166667,0.316667,,2026-04-20
4375,照屋,80,20,39,53,0.250000,0.487500,0.662500,,2026-04-28
4376,藤田,100,23,37,49,0.230000,0.370000,0.490000,,2026-04-28
4377,濱本,78,15,35,50,0.192308,0.448718,0.641026,,2026-04-07
4379,桑島,87,14,34,49,0.160920,0.390805,0.563218,,2026-04-27
4380,鈴木,59,4,12,17,0.067797,0.203390,0.288136,,2026-04-28
4381,田路,67,12,22,34,0.179104,0.328358,0.507463,,2026-04-28
4382,高山,53,7,14,25,0.132075,0.264151,0.471698,,2026-04-30
4383,竹田,86,16,31,51,0.186047,0.360465,0.593023,,2026-04-21
4384,鶴本,83,16,31,55,0.192771,0.373494,0.662651,,2026-04-25
4385,鈴木,33,1,3,10,0.030303,0.090909,0.303030,,2026-04-20
4387,平山,86,24,40,59,0.279070,0.465116,0.686047,,2026-04-25
4388,是澤,94,19,37,51,0.202128,0.393617,0.542553,,2026-04-30
4389,伊藤,68,12,21,41,0.176471,0.308824,0.602941,,2026-04-28
4390,松本,76,12,18,31,0.157895,0.236842,0.407895,,2026-04-25
4391,松田,71,17,31,40,0.239437,0.436620,0.563380,,2026-04-15
4393,田中,63,4,13,22,0.063492,0.206349,0.349206,,2026-04-28
4394,永嶋,84,14,33,48,0.166667,0.392857,0.571429,,2026-04-18
4395,下河,70,12,25,35,0.171429,0.357143,0.500000,,2026-05-02
4396,大田,81,8,21,36,0.098765,0.259259,0.444444,,2026-04-22
4397,西村,90,29,49,66,0.322222,0.544444,0.733333,,2026-04-28
4398,船岡,87,22,42,56,0.252874,0.482759,0.643678,,2026-04-18
4400,加藤,63,2,10,19,0.031746,0.158730,0.301587,,2026-04-27
4401,小林,65,16,26,37,0.246154,0.400000,0.569231,,2026-04-28
4402,乙藤,69,16,26,37,0.231884,0.376812,0.536232,,2026-04-15
4403,木下,81,17,37,49,0.209877,0.456790,0.604938,,2026-05-01
4404,岸蔭,62,4,9,21,0.064516,0.145161,0.338710,,2026-04-19
4405,南野,64,6,10,23,0.093750,0.156250,0.359375,,2026-04-30
4406,幸野,76,10,17,29,0.131579,0.223684,0.381579,,2026-04-28
4407,鹿島,70,8,21,35,0.114286,0.300000,0.500000,,2026-05-02
4408,仁科,58,5,7,11,0.086207,0.120690,0.189655,,2026-04-29
4409,坂元,75,24,43,56,0.320000,0.573333,0.746667,,2026-05-02
4410,井上,82,11,26,45,0.134146,0.317073,0.548780,,2026-04-28
4411,沢田,83,16,34,49,0.192771,0.409639,0.590361,,2026-04-30
4413,水摩,97,15,34,63,0.154639,0.350515,0.649485,,2026-05-01
4414,大澤,55,6,20,23,0.109091,0.363636,0.418182,,2026-04-20
4415,下出,73,24,40,44,0.328767,0.547945,0.602740,,2026-04-27
4416,三宅,77,11,21,36,0.142857,0.272727,0.467532,,2026-04-28
4417,服部,61,9,22,31,0.147541,0.360656,0.508197,,2026-04-23
4418,茅原,72,26,38,50,0.361111,0.527778,0.694444,,2026-04-16
4419,加央理,59,9,26,36,0.152542,0.440678,0.610169,,2026-04-05
4420,津久井,101,17,41,67,0.168317,0.405941,0.663366,,2026-05-02
4421,森作,63,1,6,18,0.015873,0.095238,0.285714,,2026-04-29
4422,永井,69,8,18,27,0.115942,0.260870,0.391304,,2026-04-28
4423,坂口,67,8,19,33,0.119403,0.283582,0.492537,,2026-04-24
4424,松尾,88,22,37,55,0.250000,0.420455,0.625000,,2026-04-22
4425,大井,53,6,12,23,0.113208,0.226415,0.433962,,2026-04-25
4427,英悟,85,21,34,47,0.247059,0.400000,0.552941,,2026-04-28
4428,有賀,74,13,35,39,0.175676,0.472973,0.527027,,2026-04-16
4429,豊田,55,3,4,12,0.054545,0.072727,0.218182,,2026-04-22
4430,永田,88,19,37,51,0.215909,0.420455,0.579545,,2026-04-28
4431,石塚,58,10,19,27,0.172414,0.327586,0.465517,,2026-05-01
4432,黄金井 力良,71,10,24,39,0.140845,0.338028,0.549296,53.0000,2026-05-03
4433,川野,91,24,47,61,0.263736,0.516484,0.670330,,2026-04-27
4434,田中,73,17,32,42,0.232877,0.438356,0.575342,,2026-04-24
4435,服部,59,9,18,31,0.152542,0.305085,0.525424,,2026-04-05
4436,渋谷,95,29,48,68,0.305263,0.505263,0.715789,,2026-04-22
4437,中田,78,18,39,50,0.230769,0.500000,0.641026,,2026-04-28
4438,森作,86,15,28,39,0.174419,0.325581,0.453488,,2026-04-28
4439,近藤,69,5,14,25,0.072464,0.202899,0.362319,,2026-04-28
4440,萩原,71,6,16,30,0.084507,0.225352,0.422535,,2026-04-28
4441,末永,94,23,36,62,0.244681,0.382979,0.659574,,2026-04-23
4442,松竹,75,23,35,41,0.306667,0.466667,0.546667,,2026-05-02
4443,津田,94,13,32,53,0.138298,0.340426,0.563830,,2026-04-27
4444,桐生 順平,71,12,28,46,0.169014,0.394366,0.647887,50.5000,2026-05-03
4445,宮地,78,16,27,42,0.205128,0.346154,0.538462,,2026-05-02
4446,和田,99,24,50,68,0.242424,0.505051,0.686869,,2026-04-28
4447,深川,73,7,21,33,0.095890,0.287671,0.452055,,2026-04-28
4448,青木,80,24,46,57,0.300000,0.575000,0.712500,,2026-04-30
4449,中嶋,38,3,6,9,0.078947,0.157895,0.236842,,2026-04-20
4450,平高,58,10,23,30,0.172414,0.396552,0.517241,,2026-03-29
4451,松崎,87,17,38,56,0.195402,0.436782,0.643678,,2026-04-28
4452,松尾,88,14,32,42,0.159091,0.363636,0.477273,,2026-04-28
4456,鎌倉,63,17,25,35,0.269841,0.396825,0.555556,,2026-04-16
4457,神田,67,7,18,31,0.104478,0.268657,0.462687,,2026-04-28
4458,抹香,52,3,12,23,0.057692,0.230769,0.442308,,2026-04-28
4459,片岡,78,20,32,44,0.256410,0.410256,0.564103,,2026-04-28
4460,後藤,79,12,31,49,0.151899,0.392405,0.620253,,2026-05-01
4461,安田,66,3,10,31,0.045455,0.151515,0.469697,,2026-04-27
4462,夏山,56,10,20,29,0.178571,0.357143,0.517857,,2026-04-30
4463,三苫,71,11,31,49,0.154930,0.436620,0.690141,,2026-04-28
4464,山下,75,15,25,46,0.200000,0.333333,0.613333,,2026-04-27
4465,大西,55,8,14,23,0.145455,0.254545,0.418182,,2026-04-20
4466,佑典,60,14,27,38,0.233333,0.450000,0.633333,,2026-04-21
4467,渡邉,89,20,43,64,0.224719,0.483146,0.719101,,2026-04-28
4468,大池,78,23,34,48,0.294872,0.435897,0.615385,,2026-04-27
4469,土山,72,21,31,44,0.291667,0.430556,0.611111,,2026-04-20
4470,平田,73,14,28,46,0.191781,0.383562,0.630137,,2026-03-31
4471,新田,81,27,41,54,0.333333,0.506173,0.666667,,2026-04-24
4472,尾嶋,95,20,37,55,0.210526,0.389474,0.578947,,2026-04-16
4473,藤堂,60,7,18,27,0.116667,0.300000,0.450000,,2026-04-25
4474,渡辺,75,11,25,39,0.146667,0.333333,0.520000,,2026-04-21
4475,末永,78,17,31,50,0.217949,0.397436,0.641026,,2026-04-28
4477,篠崎,87,25,47,63,0.287356,0.540230,0.724138,,2026-04-28
4478,櫻本,70,17,28,48,0.242857,0.400000,0.685714,,2026-04-15
4479,矢野,49,4,8,15,0.081633,0.163265,0.306122,,2026-04-25
4482,守屋,85,29,46,62,0.341176,0.541176,0.729412,,2026-04-09
4483,北野,78,23,39,48,0.294872,0.500000,0.615385,,2026-05-02
4484,稲生,46,7,14,22,0.152174,0.304348,0.478261,,2026-03-23
4485,楠原,78,10,24,42,0.128205,0.307692,0.538462,,2026-04-28
4486,野村,77,9,32,40,0.116883,0.415584,0.519481,,2026-05-02
4487,三原,65,9,19,31,0.138462,0.292308,0.476923,,2026-04-19
4488,小山,72,22,40,55,0.305556,0.555556,0.763889,,2026-04-28
4489,岩川,78,13,28,41,0.166667,0.358974,0.525641,,2026-04-28
4491,田中,66,3,14,25,0.045455,0.212121,0.378788,,2026-05-02
4492,本多,9,4,5,6,0.444444,0.555556,0.666667,,2026-01-11
4494,河合,75,23,38,48,0.306667,0.506667,0.640000,,2026-04-28
4495,晋太郎,22,5,5,7,0.227273,0.227273,0.318182,,2026-01-28
4496,内堀,87,34,48,58,0.390805,0.551724,0.666667,,2026-05-01
4497,桑原,70,31,39,49,0.442857,0.557143,0.700000,,2026-04-28
4498,宮本,36,8,16,21,0.222222,0.444444,0.583333,,2026-04-21
4499,滝川,56,5,16,26,0.089286,0.285714,0.464286,,2026-04-20
4500,山田,82,29,40,56,0.353659,0.487805,0.682927,,2026-05-02
4501,樋口,78,11,24,34,0.141026,0.307692,0.435897,,2026-04-13
4502,遠藤,58,17,30,43,0.293103,0.517241,0.741379,,2026-04-28
4503,上野,77,25,49,53,0.324675,0.636364,0.688312,,2026-05-02
4504,前田,61,14,23,33,0.229508,0.377049,0.540984,,2026-05-01
4505,島田,66,21,27,45,0.318182,0.409091,0.681818,,2026-04-28
4506,稗田,64,19,36,43,0.296875,0.562500,0.671875,,2026-04-28
4508,野間,58,6,21,36,0.103448,0.362069,0.620690,,2026-04-23
4509,平見,68,10,21,37,0.147059,0.308824,0.544118,,2026-04-28
4510,坂本,40,2,3,7,0.050000,0.075000,0.175000,,2026-04-27
4511,中岡,62,5,12,30,0.080645,0.193548,0.483871,,2026-04-28
4512,高野,94,27,43,56,0.287234,0.457447,0.595745,,2026-04-28
4513,河野,60,18,24,31,0.300000,0.400000,0.516667,,2026-04-28
4514,上條,86,25,44,60,0.290698,0.511628,0.697674,,2026-04-28
4515,藤田,92,21,38,62,0.228261,0.413043,0.673913,,2026-05-02
4516,野口,94,31,47,66,0.329787,0.500000,0.702128,,2026-05-02
4518,大須賀,76,28,43,56,0.368421,0.565789,0.736842,,2026-04-29
4519,清水,53,12,21,26,0.226415,0.396226,0.490566,,2026-03-27
4520,高倉,77,20,38,48,0.259740,0.493506,0.623377,,2026-04-23
4521,小池,75,11,21,31,0.146667,0.280000,0.413333,,2026-04-25
4522,古澤,84,18,34,47,0.214286,0.404762,0.559524,,2026-04-15
4523,中村,67,12,24,41,0.179104,0.358209,0.611940,,2026-04-28
4524,深谷,83,19,32,47,0.228916,0.385542,0.566265,,2026-04-16
4525,真子,54,6,16,26,0.111111,0.296296,0.481481,,2026-04-06
4526,池田,63,18,30,36,0.285714,0.476190,0.571429,,2026-03-25
4527,高野,59,7,12,22,0.118644,0.203390,0.372881,,2026-05-02
4528,黒井 達矢,74,16,33,53,0.216216,0.445946,0.716216,50.0000,2026-05-03
4529,義信,61,12,30,41,0.196721,0.491803,0.672131,,2026-04-26
4530,小野,75,20,41,48,0.266667,0.546667,0.640000,,2026-04-27
4531,武富,82,18,33,55,0.219512,0.402439,0.670732,,2026-05-02
4532,秋元 哲,94,31,56,68,0.329787,0.595745,0.723404,50.0000,2026-05-03
4533,峰重,47,3,7,21,0.063830,0.148936,0.446809,,2026-04-26
4534,咲友理,52,4,14,20,0.076923,0.269231,0.384615,,2026-04-20
4535,北山,71,15,28,44,0.211268,0.394366,0.619718,,2026-04-25
4536,喜井,87,16,34,56,0.183908,0.390805,0.643678,,2026-04-27
4537,渡邉,88,23,39,54,0.261364,0.443182,0.613636,,2026-04-28
4538,笠置,90,37,48,59,0.411111,0.533333,0.655556,,2026-04-25
4539,金子,91,27,45,57,0.296703,0.494505,0.626374,,2026-05-02
4540,相原,83,12,30,47,0.144578,0.361446,0.566265,,2026-04-23
4543,重木,98,21,46,67,0.214286,0.469388,0.683673,,2026-04-25
4544,松田,93,35,57,72,0.376344,0.612903,0.774194,,2026-04-28
4545,岡村,88,29,45,62,0.329545,0.511364,0.704545,,2026-05-01
4546,浜田,47,5,15,23,0.106383,0.319149,0.489362,,2026-03-17
4547,中田 竜太,92,12,35,59,0.130435,0.380435,0.641304,51.0000,2026-05-03
4548,篠木,42,2,3,7,0.047619,0.071429,0.166667,,2026-04-06
4549,小林,56,11,21,34,0.196429,0.375000,0.607143,,2026-04-28
4550,石岡,77,10,27,43,0.129870,0.350649,0.558442,,2026-04-27
4551,三川,68,9,29,41,0.132353,0.426471,0.602941,,2026-04-28
4552,杉山,67,15,26,34,0.223881,0.388060,0.507463,,2026-04-28
4553,坪口,71,15,29,45,0.211268,0.408451,0.633803,,2026-04-27
4555,富永,87,10,27,46,0.114943,0.310345,0.528736,,2026-04-24
4556,竹井,78,23,39,53,0.294872,0.500000,0.679487,,2026-04-06
4557,松尾,61,5,10,26,0.081967,0.163934,0.426230,,2026-04-28
4558,宮野,60,7,23,28,0.116667,0.383333,0.466667,,2026-04-28
4560,庄司,77,13,26,44,0.168831,0.337662,0.571429,,2026-04-28
4561,藤山,92,27,42,56,0.293478,0.456522,0.608696,,2026-04-28
4562,阪本,71,5,11,32,0.070423,0.154930,0.450704,,2026-04-28
4563,齋藤,62,9,15,22,0.145161,0.241935,0.354839,,2026-04-21
4564,山本,76,7,23,37,0.092105,0.302632,0.486842,,2026-04-28
4565,西村,62,4,7,18,0.064516,0.112903,0.290323,,2026-04-28
4566,塩田,80,18,29,45,0.225000,0.362500,0.562500,,2026-05-01
4567,上村,61,2,8,22,0.032787,0.131148,0.360656,,2026-04-25
4568,廣瀬,61,14,20,32,0.229508,0.327869,0.524590,,2026-04-28
4569,中澤,74,10,22,30,0.135135,0.297297,0.405405,,2026-04-27
4570,前田,61,11,30,42,0.180328,0.491803,0.688525,,2026-04-23
4571,章哉,75,28,40,46,0.373333,0.533333,0.613333,,2026-05-01
4572,渡部,79,14,27,39,0.177215,0.341772,0.493671,,2026-04-28
4573,佐藤,84,22,37,55,0.261905,0.440476,0.654762,,2026-04-17
4574,潤樹,63,13,24,39,0.206349,0.380952,0.619048,,2026-04-25
4575,戸塚,53,12,23,36,0.226415,0.433962,0.679245,,2026-04-27
4578,藤山,74,14,34,44,0.189189,0.459459,0.594595,,2026-04-28
4579,中嶋,76,19,34,51,0.250000,0.447368,0.671053,,2026-04-21
4580,長谷川,70,6,20,41,0.085714,0.285714,0.585714,,2026-05-01
4581,吉村,97,22,46,58,0.226804,0.474227,0.597938,,2026-04-20
4583,古田,86,10,21,38,0.116279,0.244186,0.441860,,2026-04-09
4584,村岡,67,16,30,43,0.238806,0.447761,0.641791,,2026-03-31
4586,磯部,63,12,28,38,0.190476,0.444444,0.603175,,2026-04-16
4587,木田,85,28,47,54,0.329412,0.552941,0.635294,,2026-04-20
4588,田中,77,10,30,42,0.129870,0.389610,0.545455,,2026-04-21
4589,塩崎,58,9,15,24,0.155172,0.258621,0.413793,,2026-04-06
4590,渡邉,91,17,31,47,0.186813,0.340659,0.516484,,2026-04-27
4592,小林,62,8,14,25,0.129032,0.225806,0.403226,,2026-03-31
4593,小坂,94,17,33,60,0.180851,0.351064,0.638298,,2026-04-28
4594,谷川,69,10,21,37,0.144928,0.304348,0.536232,,2026-05-01
4596,葛原,91,15,31,49,0.164835,0.340659,0.538462,,2026-04-28
4598,加藤,73,11,23,30,0.150685,0.315068,0.410959,,2026-04-27
4600,井内,82,22,43,65,0.268293,0.524390,0.792683,,2026-04-21
4601,森野,85,23,42,52,0.270588,0.494118,0.611765,,2026-04-28
4603,谷川,59,7,18,27,0.118644,0.305085,0.457627,,2026-04-09
4604,岩瀬,97,28,47,65,0.288660,0.484536,0.670103,,2026-05-02
4607,鶴田,94,11,26,50,0.117021,0.276596,0.531915,,2026-05-01
4608,荒井,83,16,34,51,0.192771,0.409639,0.614458,,2026-04-28
4610,佐藤,97,29,46,59,0.298969,0.474227,0.608247,,2026-04-28
4611,今井,73,19,30,46,0.260274,0.410959,0.630137,,2026-04-20
4614,石倉,67,20,30,41,0.298507,0.447761,0.611940,,2026-05-01
4615,板倉,56,2,13,20,0.035714,0.232143,0.357143,,2026-04-25
4618,乃村,68,6,19,35,0.088235,0.279412,0.514706,,2026-04-19
4619,伏田,85,12,24,37,0.141176,0.282353,0.435294,,2026-04-27
4623,中北,83,9,21,33,0.108434,0.253012,0.397590,,2026-04-27
4624,高田,79,19,34,44,0.240506,0.430380,0.556962,,2026-05-02
4625,渡邊,67,11,19,27,0.164179,0.283582,0.402985,,2026-04-22
4626,伊藤,46,7,11,20,0.152174,0.239130,0.434783,,2026-04-21
4627,藤原,65,23,35,44,0.353846,0.538462,0.676923,,2026-05-01
4630,岩永,73,14,27,42,0.191781,0.369863,0.575342,,2026-04-29
4631,新井,55,7,16,23,0.127273,0.290909,0.418182,,2026-03-31
4632,長尾,39,4,10,21,0.102564,0.256410,0.538462,,2026-05-01
4633,智也,86,15,31,46,0.174419,0.360465,0.534884,,2026-05-01
4635,峰重,56,11,22,31,0.196429,0.392857,0.553571,,2026-03-31
4636,赤池,49,6,11,16,0.122449,0.224490,0.326531,,2026-04-21
4637,中田,69,12,26,37,0.173913,0.376812,0.536232,,2026-04-17
4638,小林,77,8,23,38,0.103896,0.298701,0.493506,,2026-04-28
4639,雑賀,74,9,19,29,0.121622,0.256757,0.391892,,2026-04-29
4640,山ノ内,91,20,36,58,0.219780,0.395604,0.637363,,2026-04-22
4641,磯村,72,12,21,33,0.166667,0.291667,0.458333,,2026-04-28
4642,松尾,84,32,44,55,0.380952,0.523810,0.654762,,2026-04-28
4643,近江,65,20,37,47,0.307692,0.569231,0.723077,,2026-03-31
4644,山田,90,16,39,56,0.177778,0.433333,0.622222,,2026-04-28
4645,上村,82,20,35,45,0.243902,0.426829,0.548780,,2026-05-02
4648,木村,56,9,16,22,0.160714,0.285714,0.392857,,2026-04-30
4649,和田,87,16,24,41,0.183908,0.275862,0.471264,,2026-04-30
4651,佐藤,71,6,12,21,0.084507,0.169014,0.295775,,2026-04-29
4652,酒見,70,10,15,27,0.142857,0.214286,0.385714,,2026-05-02
4653,小野,84,26,41,56,0.309524,0.488095,0.666667,,2026-04-28
4654,篠田,78,19,38,51,0.243590,0.487179,0.653846,,2026-04-27
4656,大崎,60,10,24,33,0.166667,0.400000,0.550000,,2026-04-28
4659,木下,88,25,42,64,0.284091,0.477273,0.727273,,2026-04-29
4660,宇田川,59,5,13,19,0.084746,0.220339,0.322034,,2026-04-28
4661,中島,77,7,28,49,0.090909,0.363636,0.636364,,2026-04-28
4663,籾山,9,3,3,4,0.333333,0.333333,0.444444,,2026-04-28
4664,東口,71,7,15,24,0.098592,0.211268,0.338028,,2026-04-28
4665,加藤,63,0,4,19,0.000000,0.063492,0.301587,,2026-04-28
4666,日笠,49,4,10,16,0.081633,0.204082,0.326531,,2026-04-21
4669,井上,65,8,24,37,0.123077,0.369231,0.569231,,2026-04-28
4672,守屋,71,4,13,24,0.056338,0.183099,0.338028,,2026-04-28
4674,池田,82,14,29,40,0.170732,0.353659,0.487805,,2026-04-28
4675,井手,59,13,27,42,0.220339,0.457627,0.711864,,2026-04-28
4676,後藤,72,15,23,40,0.208333,0.319444,0.555556,,2026-05-01
4677,片橋,55,13,26,41,0.236364,0.472727,0.745455,,2026-04-30
4678,水野,59,12,20,31,0.203390,0.338983,0.525424,,2026-04-14
4679,植田,87,17,35,48,0.195402,0.402299,0.551724,,2026-04-24
4680,後藤,60,9,26,36,0.150000,0.433333,0.600000,,2026-04-02
4681,太田,57,3,10,23,0.052632,0.175439,0.403509,,2026-05-02
4682,大上,81,26,44,54,0.320988,0.543210,0.666667,,2026-04-25
4683,向井田,37,4,9,11,0.108108,0.243243,0.297297,,2026-04-25
4684,楠原,70,10,20,36,0.142857,0.285714,0.514286,,2026-04-23
4685,島村,89,42,63,75,0.471910,0.707865,0.842697,,2026-04-28
4686,丸野,85,25,39,52,0.294118,0.458824,0.611765,,2026-04-30
4688,永井,77,24,37,47,0.311688,0.480519,0.610390,,2026-05-01
4689,豊田,59,8,16,30,0.135593,0.271186,0.508475,,2026-04-20
4691,水原,68,9,15,26,0.132353,0.220588,0.382353,,2026-04-28
4692,酒井,69,8,22,27,0.115942,0.318841,0.391304,,2026-04-28
4693,松下,76,4,16,27,0.052632,0.210526,0.355263,,2026-04-25
4694,高田,43,5,9,18,0.116279,0.209302,0.418605,,2026-04-28
4695,尾崎,73,13,33,42,0.178082,0.452055,0.575342,,2026-04-23
4697,國弘,62,2,13,21,0.032258,0.209677,0.338710,,2026-05-01
4700,金子 和之,85,16,34,52,0.188235,0.400000,0.611765,49.0000,2026-05-03
4702,三浦,70,20,37,43,0.285714,0.528571,0.614286,,2026-04-13
4703,森永,63,12,29,40,0.190476,0.460317,0.634921,,2026-04-22
4704,河野,99,20,48,66,0.202020,0.484848,0.666667,,2026-04-28
4705,吉川,66,6,15,19,0.090909,0.227273,0.287879,,2026-04-28
4706,三浦,89,24,38,51,0.269663,0.426966,0.573034,,2026-04-28
4708,半田,64,2,7,15,0.031250,0.109375,0.234375,,2026-04-24
4709,岡村,68,9,24,38,0.132353,0.352941,0.558824,,2026-04-28
4710,福田,82,22,33,45,0.268293,0.402439,0.548780,,2026-04-28
4711,前出,76,15,32,51,0.197368,0.421053,0.671053,,2026-04-25
4713,白神,113,30,54,78,0.265487,0.477876,0.690265,,2026-04-28
4714,喜多須,58,3,12,31,0.051724,0.206897,0.534483,,2026-04-22
4715,村上,58,10,21,39,0.172414,0.362069,0.672414,,2026-04-06
4718,北川,78,18,40,53,0.230769,0.512821,0.679487,,2026-05-01
4719,上條,95,32,45,63,0.336842,0.473684,0.663158,,2026-04-28
4720,西澤,70,8,13,26,0.114286,0.185714,0.371429,,2026-04-25
4723,寺島,62,11,24,28,0.177419,0.387097,0.451613,,2026-04-27
4724,吉田,37,2,3,8,0.054054,0.081081,0.216216,,2026-03-23
4725,佐竹,61,7,18,25,0.114754,0.295082,0.409836,,2026-04-25
4726,島田,28,2,5,9,0.071429,0.178571,0.321429,,2026-04-20
4727,安部,55,3,12,21,0.054545,0.218182,0.381818,,2026-04-14
4728,山口,64,5,15,24,0.078125,0.234375,0.375000,,2026-04-28
4729,佐藤,57,3,7,17,0.052632,0.122807,0.298246,,2026-05-01
4730,土屋,72,11,22,37,0.152778,0.305556,0.513889,,2026-04-27
4731,間野,59,8,20,32,0.135593,0.338983,0.542373,,2026-04-28
4732,堀本,80,16,30,45,0.200000,0.375000,0.562500,,2026-04-25
4733,赤井,61,7,19,28,0.114754,0.311475,0.459016,,2026-04-07
4734,安河内,88,27,49,64,0.306818,0.556818,0.727273,,2026-05-02
4735,角山,65,5,12,20,0.076923,0.184615,0.307692,,2026-04-28
4736,高倉,78,14,37,52,0.179487,0.474359,0.666667,,2026-04-28
4737,竹井,89,38,58,73,0.426966,0.651685,0.820225,,2026-05-01
4738,清埜 翔子,102,26,41,54,0.254902,0.401961,0.529412,52.0000,2026-05-03
4739,中村,70,16,39,51,0.228571,0.557143,0.728571,,2026-04-28
4740,齋藤,54,5,11,22,0.092593,0.203704,0.407407,,2026-04-22
4743,木村,100,22,40,61,0.220000,0.400000,0.610000,,2026-04-30
4744,伊藤,56,4,8,19,0.071429,0.142857,0.339286,,2026-05-01
4746,大豆生田,60,10,17,26,0.166667,0.283333,0.433333,,2026-04-28
4747,山戸,51,3,7,12,0.058824,0.137255,0.235294,,2026-04-28
4748,渡邉,64,17,30,38,0.265625,0.468750,0.593750,,2026-04-28
4750,井上,67,10,26,37,0.149254,0.388060,0.552239,,2026-04-30
4752,西尾,55,5,13,19,0.090909,0.236364,0.345455,,2026-04-28
4753,照夫,38,7,13,17,0.184211,0.342105,0.447368,,2026-02-28
4754,松尾,75,20,33,38,0.266667,0.440000,0.506667,,2026-04-17
4757,山田,84,23,44,57,0.273810,0.523810,0.678571,,2026-04-16
4759,今泉,65,12,29,45,0.184615,0.446154,0.692308,,2026-05-01
4760,山崎,101,28,46,70,0.277228,0.455446,0.693069,,2026-04-29
4761,山田,91,18,33,53,0.197802,0.362637,0.582418,,2026-04-30
4762,藤原,90,26,43,62,0.288889,0.477778,0.688889,,2026-04-21
4764,小池,56,11,19,28,0.196429,0.339286,0.500000,,2026-04-28
4765,野田部,75,15,24,32,0.200000,0.320000,0.426667,,2026-04-29
4766,石井,60,5,15,25,0.083333,0.250000,0.416667,,2026-04-29
4769,馬場,88,23,36,58,0.261364,0.409091,0.659091,,2026-04-27
4771,下寺,98,35,60,74,0.357143,0.612245,0.755102,,2026-04-23
4772,石丸,90,21,44,58,0.233333,0.488889,0.644444,,2026-04-28
4773,中川,95,18,37,59,0.189474,0.389474,0.621053,,2026-04-21
4775,千葉,61,15,28,43,0.245902,0.459016,0.704918,,2026-04-21
4776,竹田,93,23,45,63,0.247312,0.483871,0.677419,,2026-04-28
4778,啓輔,46,11,17,24,0.239130,0.369565,0.521739,,2026-04-02
4779,伊倉,62,9,19,32,0.145161,0.306452,0.516129,,2026-04-28
4781,西舘,13,1,4,5,0.076923,0.307692,0.384615,,2026-03-11
4782,浜崎,53,8,11,20,0.150943,0.207547,0.377358,,2026-04-28
4784,向井田,42,3,10,14,0.071429,0.238095,0.333333,,2026-04-20
4785,木幡,61,6,15,27,0.098361,0.245902,0.442623,,2026-04-28
4786,佐藤,98,29,56,68,0.295918,0.571429,0.693878,,2026-05-02
4787,椎名,82,25,42,56,0.304878,0.512195,0.682927,,2026-05-02
4788,小池,79,12,27,48,0.151899,0.341772,0.607595,,2026-04-22
4789,古賀,90,20,36,51,0.222222,0.400000,0.566667,,2026-04-29
4790,柳内,88,24,43,60,0.272727,0.488636,0.681818,,2026-04-28
4791,黒澤,64,8,23,34,0.125000,0.359375,0.531250,,2026-05-01
4792,杉村,70,10,20,31,0.142857,0.285714,0.442857,,2026-05-01
4793,金子,84,22,38,56,0.261905,0.452381,0.666667,,2026-04-29
4794,和田,76,20,40,56,0.263158,0.526316,0.736842,,2026-04-29
4796,春園,80,24,42,53,0.300000,0.525000,0.662500,,2026-04-20
4797,中山,49,14,27,36,0.285714,0.551020,0.734694,,2026-04-28
4798,浜先,91,26,41,59,0.285714,0.450549,0.648352,,2026-04-16
4803,飯田,61,2,8,15,0.032787,0.131148,0.245902,,2026-05-02
4804,高田,81,30,41,48,0.370370,0.506173,0.592593,,2026-04-07
4808,松尾,59,10,16,28,0.169492,0.271186,0.474576,,2026-04-19
4809,外崎,61,13,24,32,0.213115,0.393443,0.524590,,2026-05-02
4811,向井田,81,9,20,31,0.111111,0.246914,0.382716,,2026-04-28
4812,西野,76,23,37,53,0.302632,0.486842,0.697368,,2026-04-28
4813,宮内,65,6,12,16,0.092308,0.184615,0.246154,,2026-05-01
4815,伏島,76,8,18,26,0.105263,0.236842,0.342105,,2026-04-22
4816,村松,59,11,24,37,0.186441,0.406780,0.627119,,2026-04-28
4817,渡邉,68,17,32,47,0.250000,0.470588,0.691176,,2026-04-28
4818,伏見,4,0,0,0,0.000000,0.000000,0.000000,,2026-05-01
4819,蜂須,91,13,30,52,0.142857,0.329670,0.571429,,2026-05-02
4821,妻鳥,65,12,24,32,0.184615,0.369231,0.492308,,2026-04-22
4822,百武,87,14,31,48,0.160920,0.356322,0.551724,,2026-04-25
4823,中村,72,22,33,47,0.305556,0.458333,0.652778,,2026-04-28
4824,松井,89,18,33,46,0.202247,0.370787,0.516854,,2026-04-23
4825,倉持,78,22,38,52,0.282051,0.487179,0.666667,,2026-04-20
4826,井上,97,28,49,67,0.288660,0.505155,0.690722,,2026-04-29
4828,松山,76,19,35,51,0.250000,0.460526,0.671053,,2026-04-30
4831,羽野,61,13,26,37,0.213115,0.426230,0.606557,,2026-04-28
4832,権藤,92,26,41,58,0.282609,0.445652,0.630435,,2026-04-28
4834,浜本,101,20,36,58,0.198020,0.356436,0.574257,,2026-04-29
4835,橋本,62,7,15,30,0.112903,0.241935,0.483871,,2026-04-21
4836,大谷,50,12,19,28,0.240000,0.380000,0.560000,,2026-04-25
4837,酒井,60,3,13,25,0.050000,0.216667,0.416667,,2026-04-28
4839,四宮,75,13,29,46,0.173333,0.386667,0.613333,,2026-05-01
4840,鈴木,72,8,23,32,0.111111,0.319444,0.444444,,2026-04-22
4842,山下,84,18,35,54,0.214286,0.416667,0.642857,,2026-04-21
4843,深尾,46,8,12,20,0.173913,0.260870,0.434783,,2026-04-14
4844,村上,84,10,30,41,0.119048,0.357143,0.488095,,2026-04-28
4845,前田,64,23,41,44,0.359375,0.640625,0.687500,,2026-04-27
4846,佐藤,68,5,16,28,0.073529,0.235294,0.411765,,2026-04-25
4847,佐藤,52,20,29,39,0.384615,0.557692,0.750000,,2026-05-01
4848,仲谷,61,13,29,36,0.213115,0.475410,0.590164,,2026-04-16
4850,野中,90,21,35,50,0.233333,0.388889,0.555556,,2026-05-02
4851,浩哉,64,18,31,39,0.281250,0.484375,0.609375,,2026-05-02
4852,川原,91,33,48,67,0.362637,0.527473,0.736264,,2026-04-28
4853,前原,53,4,9,16,0.075472,0.169811,0.301887,,2026-04-14
4854,大橋,41,1,8,12,0.024390,0.195122,0.292683,,2026-04-24
4856,豊田,94,26,49,68,0.276596,0.521277,0.723404,,2026-04-25
4857,加藤,91,28,50,66,0.307692,0.549451,0.725275,,2026-04-27
4861,田中,69,14,27,40,0.202899,0.391304,0.579710,,2026-04-28
4863,三浦,48,5,10,23,0.104167,0.208333,0.479167,,2026-05-01
4864,小川,41,5,7,13,0.121951,0.170732,0.317073,,2026-04-24
4865,立具,33,4,7,16,0.121212,0.212121,0.484848,,2026-02-28
4866,橋本,58,3,7,19,0.051724,0.120690,0.327586,,2026-04-28
4871,菊池,58,9,16,25,0.155172,0.275862,0.431034,,2026-04-23
4872,山下,80,8,20,31,0.100000,0.250000,0.387500,,2026-04-28
4873,蒲原,87,14,26,37,0.160920,0.298851,0.425287,,2026-04-28
4874,池田,75,9,18,35,0.120000,0.240000,0.466667,,2026-05-02
4875,大塚,64,6,16,28,0.093750,0.250000,0.437500,,2026-04-28
4876,梅木,69,10,19,26,0.144928,0.275362,0.376812,,2026-04-28
4877,鈴谷,71,18,32,41,0.253521,0.450704,0.577465,,2026-04-28
4878,西岡,60,5,14,24,0.083333,0.233333,0.400000,,2026-04-13
4879,山崎,47,6,15,20,0.127660,0.319149,0.425532,,2026-03-27
4880,澤崎,65,9,24,39,0.138462,0.369231,0.600000,,2026-04-28
4882,瀧川,33,1,2,4,0.030303,0.060606,0.121212,,2026-04-06
4883,岡部,59,15,27,35,0.254237,0.457627,0.593220,,2026-04-28
4885,大山,73,18,39,52,0.246575,0.534247,0.712329,,2026-04-06
4886,入海,71,5,20,35,0.070423,0.281690,0.492958,,2026-04-16
4887,富澤,73,10,27,35,0.136986,0.369863,0.479452,,2026-05-02
4888,金児,64,9,18,26,0.140625,0.281250,0.406250,,2026-05-02
4889,後藤,75,13,31,39,0.173333,0.413333,0.520000,,2026-05-01
4890,石川,65,15,25,42,0.230769,0.384615,0.646154,,2026-04-28
4891,寺島,64,10,17,29,0.156250,0.265625,0.453125,,2026-05-01
4892,柴田,55,7,21,26,0.127273,0.381818,0.472727,,2026-04-24
4893,渡邉,67,17,22,31,0.253731,0.328358,0.462687,,2026-04-27
4894,原村,84,10,23,49,0.119048,0.273810,0.583333,,2026-04-28
4895,門間,43,8,12,23,0.186047,0.279070,0.534884,,2026-04-19
4896,花本,67,5,11,26,0.074627,0.164179,0.388060,,2026-04-28
4897,深見,76,4,11,19,0.052632,0.144737,0.250000,,2026-04-27
4898,菊地,51,4,15,23,0.078431,0.294118,0.450980,,2026-04-03
4899,占部,61,6,15,24,0.098361,0.245902,0.393443,,2026-04-25
4900,中田,71,6,13,28,0.084507,0.183099,0.394366,,2026-04-28
4901,出口,50,7,10,20,0.140000,0.200000,0.400000,,2026-04-28
4902,山川,68,12,23,36,0.176471,0.338235,0.529412,,2026-04-03
4903,吉田,64,25,34,45,0.390625,0.531250,0.703125,,2026-04-22
4904,松本,92,9,23,37,0.097826,0.250000,0.402174,,2026-04-28
4905,土井,54,5,11,19,0.092593,0.203704,0.351852,,2026-04-03
4906,鈴木,47,8,19,28,0.170213,0.404255,0.595745,,2026-05-01
4907,小池,87,21,41,53,0.241379,0.471264,0.609195,,2026-04-23
4908,上田,73,14,28,41,0.191781,0.383562,0.561644,,2026-04-28
4909,薮内,66,12,21,29,0.181818,0.318182,0.439394,,2026-04-11
4910,中村,62,13,29,36,0.209677,0.467742,0.580645,,2026-05-02
4911,片岡,72,7,22,46,0.097222,0.305556,0.638889,,2026-04-28
4914,吉田,73,15,37,47,0.205479,0.506849,0.643836,,2026-05-02
4917,岩橋,75,4,14,23,0.053333,0.186667,0.306667,,2026-04-28
4918,川島,71,11,21,41,0.154930,0.295775,0.577465,,2026-04-28
4919,吉田,57,2,9,25,0.035088,0.157895,0.438596,,2026-04-28
4924,中北,70,4,12,24,0.057143,0.171429,0.342857,,2026-04-22
4925,悠稀,68,8,20,35,0.117647,0.294118,0.514706,,2026-04-20
4926,吉川,67,34,45,57,0.507463,0.671642,0.850746,,2026-04-05
4927,関野,89,19,31,49,0.213483,0.348315,0.550562,,2026-04-13
4928,栗城,80,25,42,54,0.312500,0.525000,0.675000,,2026-05-01
4930,佐藤,74,16,28,37,0.216216,0.378378,0.500000,,2026-03-22
4931,木谷,89,22,41,69,0.247191,0.460674,0.775281,,2026-04-28
4932,新開,76,27,40,57,0.355263,0.526316,0.750000,,2026-04-24
4933,板橋,69,11,23,38,0.159420,0.333333,0.550725,,2026-04-13
4934,佐々木,85,14,33,47,0.164706,0.388235,0.552941,,2026-04-28
4936,戸敷,74,18,29,42,0.243243,0.391892,0.567568,,2026-04-28
4938,小芦,92,32,48,58,0.347826,0.521739,0.630435,,2026-04-27
4939,宮之原,73,19,28,38,0.260274,0.383562,0.520548,,2026-04-07
4941,孫崎,82,14,24,41,0.170732,0.292683,0.500000,,2026-04-25
4942,柴田,68,9,19,33,0.132353,0.279412,0.485294,,2026-05-01
4943,八木,63,7,8,16,0.111111,0.126984,0.253968,,2026-04-30
4944,田代,59,4,11,18,0.067797,0.186441,0.305085,,2026-04-08
4945,上村,69,5,15,25,0.072464,0.217391,0.362319,,2026-04-28
4947,間庭,87,8,21,37,0.091954,0.241379,0.425287,,2026-05-02
4948,木場,80,12,33,45,0.150000,0.412500,0.562500,,2026-04-25
4949,横田,77,13,23,37,0.168831,0.298701,0.480519,,2026-04-12
4950,高岡,89,29,48,63,0.325843,0.539326,0.707865,,2026-04-22
4951,新田,65,9,18,36,0.138462,0.276923,0.553846,,2026-04-25
4952,吉武,56,5,11,17,0.089286,0.196429,0.303571,,2026-04-28
4953,尾上,90,29,51,62,0.322222,0.566667,0.688889,,2026-04-27
4954,内山,58,5,13,22,0.086207,0.224138,0.379310,,2026-05-01
4956,齊藤,51,4,12,18,0.078431,0.235294,0.352941,,2026-04-22
4957,竹之内,72,11,25,40,0.152778,0.347222,0.555556,,2026-04-18
4958,溝口,82,21,36,52,0.256098,0.439024,0.634146,,2026-04-17
4959,井上,89,28,47,61,0.314607,0.528090,0.685393,,2026-04-28
4960,黒野,80,37,54,61,0.462500,0.675000,0.762500,,2026-05-02
4961,西橋,87,19,36,49,0.218391,0.413793,0.563218,,2026-04-27
4962,竜生,72,14,24,41,0.194444,0.333333,0.569444,,2026-04-23
4963,實森,77,21,39,52,0.272727,0.506494,0.675325,,2026-04-17
4964,土屋,71,11,24,32,0.154930,0.338028,0.450704,,2026-04-20
4965,福岡,64,5,19,32,0.078125,0.296875,0.500000,,2026-04-28
4966,田川,94,17,36,45,0.180851,0.382979,0.478723,,2026-04-28
4967,中村,88,25,44,61,0.284091,0.500000,0.693182,,2026-04-14
4969,町田,66,5,12,28,0.075758,0.181818,0.424242,,2026-05-02
4973,栗原,84,14,30,40,0.166667,0.357143,0.476190,,2026-04-28
4974,安井,69,14,27,40,0.202899,0.391304,0.579710,,2026-04-20
4976,金山,57,8,19,33,0.140351,0.333333,0.578947,,2026-04-28
4977,馬野,38,5,13,22,0.131579,0.342105,0.578947,,2026-04-28
4978,山田,79,7,19,33,0.088608,0.240506,0.417722,,2026-04-28
4979,中野,90,15,25,43,0.166667,0.277778,0.477778,,2026-05-01
4980,佐々木,90,22,45,57,0.244444,0.500000,0.633333,,2026-04-25
4981,牧山,58,4,11,27,0.068966,0.189655,0.465517,,2026-04-25
4982,中村,56,5,21,30,0.089286,0.375000,0.535714,,2026-04-28
4983,前田,93,25,46,67,0.268817,0.494624,0.720430,,2026-05-01
4984,森下,65,8,19,31,0.123077,0.292308,0.476923,,2026-05-01
4985,井本,88,23,38,52,0.261364,0.431818,0.590909,,2026-04-28
4987,島倉,56,6,9,14,0.107143,0.160714,0.250000,,2026-05-02
4988,牟田,82,13,29,37,0.158537,0.353659,0.451220,,2026-04-28
4989,石原,80,19,34,51,0.237500,0.425000,0.637500,,2026-05-02
4990,田中,25,1,3,4,0.040000,0.120000,0.160000,,2026-04-13
4991,宗行,66,13,31,45,0.196970,0.469697,0.681818,,2026-04-06
4992,廣瀬,78,19,28,39,0.243590,0.358974,0.500000,,2026-04-28
4994,山本,87,18,38,54,0.206897,0.436782,0.620690,,2026-05-02
4995,田邉,60,7,19,27,0.116667,0.316667,0.450000,,2026-04-28
4997,濱崎,45,3,7,11,0.066667,0.155556,0.244444,,2026-04-19
4998,中村,32,3,7,10,0.093750,0.218750,0.312500,,2026-04-22
5000,岡本,63,7,18,27,0.111111,0.285714,0.428571,,2026-04-28
5002,上田,82,17,33,51,0.207317,0.402439,0.621951,,2026-04-11
5003,来田,80,17,29,35,0.212500,0.362500,0.437500,,2026-04-28
5004,河野,83,13,29,46,0.156627,0.349398,0.554217,,2026-04-28
5005,石田 貴洋,56,20,27,35,0.357143,0.482143,0.625000,50.0000,2026-05-03
5006,久保原,71,2,10,19,0.028169,0.140845,0.267606,,2026-04-28
5007,近藤,72,8,21,34,0.111111,0.291667,0.472222,,2026-04-28
5008,羽野,48,4,13,19,0.083333,0.270833,0.395833,,2026-05-01
5009,大賀,84,16,31,42,0.190476,0.369048,0.500000,,2026-05-01
5010,宇留田,94,16,34,49,0.170213,0.361702,0.521277,,2026-04-23
5011,高木,64,3,12,20,0.046875,0.187500,0.312500,,2026-04-28
5012,加倉,82,13,31,47,0.158537,0.378049,0.573171,,2026-05-01
5013,山下,77,16,29,42,0.207792,0.376623,0.545455,,2026-04-28
5014,梶山,64,9,22,31,0.140625,0.343750,0.484375,,2026-04-25
5015,高橋,69,19,38,45,0.275362,0.550725,0.652174,,2026-04-28
5016,宮田,89,28,37,61,0.314607,0.415730,0.685393,,2026-04-23
5017,澤田,82,25,36,47,0.304878,0.439024,0.573171,,2026-04-30
5018,竹下,103,28,42,67,0.271845,0.407767,0.650485,,2026-04-16
5019,柴田,71,8,24,35,0.112676,0.338028,0.492958,,2026-04-27
5020,宮村,55,8,13,22,0.145455,0.236364,0.400000,,2026-04-28
5022,伊藤,47,3,13,17,0.063830,0.276596,0.361702,,2026-05-01
5023,久永,51,10,19,29,0.196078,0.372549,0.568627,,2026-04-28
5026,安河内,59,12,27,34,0.203390,0.457627,0.576271,,2026-04-17
5027,重冨,78,8,26,36,0.102564,0.333333,0.461538,,2026-04-21
5028,原田,67,18,32,43,0.268657,0.477612,0.641791,,2026-04-28
5029,亮太,76,24,44,53,0.315789,0.578947,0.697368,,2026-04-28
5031,渡辺,64,8,17,32,0.125000,0.265625,0.500000,,2026-04-28
5032,谷口,74,11,23,39,0.148649,0.310811,0.527027,,2026-04-28
5033,藤原,56,6,14,22,0.107143,0.250000,0.392857,,2026-04-30
5034,若林,93,38,54,67,0.408602,0.580645,0.720430,,2026-04-23
5035,櫻井,73,15,31,43,0.205479,0.424658,0.589041,,2026-04-20
5036,福田,71,9,27,36,0.126761,0.380282,0.507042,,2026-04-28
5037,田頭,64,10,24,35,0.156250,0.375000,0.546875,,2026-04-22
5038,金田,57,16,27,38,0.280702,0.473684,0.666667,,2026-04-28
5039,倉田,70,9,22,31,0.128571,0.314286,0.442857,,2026-05-02
5041,荒牧,44,6,9,18,0.136364,0.204545,0.409091,,2026-04-28
5042,畑田 汰一,61,14,22,35,0.229508,0.360656,0.573770,48.0000,2026-05-03
5043,中村,88,19,40,51,0.215909,0.454545,0.579545,,2026-04-28
5044,渡邉,60,8,15,22,0.133333,0.250000,0.366667,,2026-05-01
5045,平川 香織,91,14,35,57,0.153846,0.384615,0.626374,50.5000,2026-05-03
5046,松山,68,4,10,18,0.058824,0.147059,0.264706,,2026-04-15
5047,國分,55,9,19,32,0.163636,0.345455,0.581818,,2026-04-25
5048,眞鳥,68,4,10,22,0.058824,0.147059,0.323529,,2026-04-28
5049,松井,43,12,18,25,0.279070,0.418605,0.581395,,2026-04-02
5050,木下,44,8,18,25,0.181818,0.409091,0.568182,,2026-04-30
5051,松本 純平,82,19,36,55,0.231707,0.439024,0.670732,51.0000,2026-05-03
5052,赤井,49,6,13,22,0.122449,0.265306,0.448980,,2026-04-27
5053,山口,52,3,11,19,0.057692,0.211538,0.365385,,2026-05-01
5054,佐々木,72,11,31,49,0.152778,0.430556,0.680556,,2026-04-02
5055,眞鳥,71,20,30,43,0.281690,0.422535,0.605634,,2026-05-01
5057,上田,68,14,24,32,0.205882,0.352941,0.470588,,2026-05-01
5058,前原,63,19,32,41,0.301587,0.507937,0.650794,,2026-04-16
5060,数原,65,18,32,40,0.276923,0.492308,0.615385,,2026-04-20
5061,中村,61,3,8,14,0.049180,0.131148,0.229508,,2026-05-02
5063,大塚,51,8,12,23,0.156863,0.235294,0.450980,,2026-04-28
5064,品川,87,25,43,56,0.287356,0.494253,0.643678,,2026-04-28
5065,伊久間,70,11,25,35,0.157143,0.357143,0.500000,,2026-04-29
5066,鈴木,83,25,40,60,0.301205,0.481928,0.722892,,2026-04-28
5067,山田,54,9,17,29,0.166667,0.314815,0.537037,,2026-04-07
5068,前田,66,24,34,40,0.363636,0.515152,0.606061,,2026-05-02
5069,山崎,53,3,11,21,0.056604,0.207547,0.396226,,2026-04-20
5070,中島,41,2,5,9,0.048780,0.121951,0.219512,,2026-04-28
5071,野見山,58,7,11,24,0.120690,0.189655,0.413793,,2026-05-01
5072,吉田,16,0,1,1,0.000000,0.062500,0.062500,,2026-02-04
5073,上原,83,14,28,45,0.168675,0.337349,0.542169,,2026-05-01
5074,大澤,70,7,18,27,0.100000,0.257143,0.385714,,2026-04-11
5075,中島,88,17,33,54,0.193182,0.375000,0.613636,,2026-04-23
5076,石原,75,14,28,43,0.186667,0.373333,0.573333,,2026-04-29
5077,滝沢,49,4,10,18,0.081633,0.204082,0.367347,,2026-04-25
5078,山川,72,7,22,35,0.097222,0.305556,0.486111,,2026-04-20
5079,大石,80,13,22,41,0.162500,0.275000,0.512500,,2026-05-01
5081,篠原,91,22,42,59,0.241758,0.461538,0.648352,,2026-04-23
5082,一色,78,8,22,42,0.102564,0.282051,0.538462,,2026-05-02
5083,柳瀬,45,7,15,20,0.155556,0.333333,0.444444,,2026-04-28
5084,末永,83,22,39,53,0.265060,0.469880,0.638554,,2026-05-02
5085,中村,52,5,18,29,0.096154,0.346154,0.557692,,2026-04-28
5086,本村,54,8,13,20,0.148148,0.240741,0.370370,,2026-04-02
5087,佐藤,77,30,48,57,0.389610,0.623377,0.740260,,2026-04-14
5088,高憧,109,44,59,75,0.403670,0.541284,0.688073,,2026-04-29
5089,前田,68,15,35,54,0.220588,0.514706,0.794118,,2026-04-03
5090,生方,65,13,22,33,0.200000,0.338462,0.507692,,2026-05-01
5091,為本,57,18,25,34,0.315789,0.438596,0.596491,,2026-04-22
5092,篠原,91,28,41,53,0.307692,0.450549,0.582418,,2026-04-23
5093,浦野,66,7,23,28,0.106061,0.348485,0.424242,,2026-04-28
5095,小原,90,22,42,63,0.244444,0.466667,0.700000,,2026-04-28
5096,上原,66,14,25,38,0.212121,0.378788,0.575758,,2026-05-01
5098,大江,68,15,25,35,0.220588,0.367647,0.514706,,2026-04-20
5100,栗原,48,5,12,18,0.104167,0.250000,0.375000,,2026-05-02
5101,健太,46,2,6,13,0.043478,0.130435,0.282609,,2026-04-28
5102,原田,48,5,11,15,0.104167,0.229167,0.312500,,2026-05-01
5103,芝田,44,1,4,10,0.022727,0.090909,0.227273,,2026-04-26
5104,山田,28,5,6,8,0.178571,0.214286,0.285714,,2026-04-28
5105,富田,71,10,16,31,0.140845,0.225352,0.436620,,2026-05-01
5106,山崎,57,9,17,31,0.157895,0.298246,0.543860,,2026-04-07
5107,松本,63,9,19,28,0.142857,0.301587,0.444444,,2026-04-28
5108,柴田,44,1,3,5,0.022727,0.068182,0.113636,,2026-05-02
5109,川崎,80,12,27,42,0.150000,0.337500,0.525000,,2026-04-28
5110,杉山,65,12,17,32,0.184615,0.261538,0.492308,,2026-04-24
5111,三村,51,12,24,34,0.235294,0.470588,0.666667,,2026-04-23
5112,砂長 知輝,89,27,41,59,0.303371,0.460674,0.662921,51.5000,2026-05-03
5113,黒明,39,2,6,12,0.051282,0.153846,0.307692,,2026-04-06
5114,小林,84,15,31,44,0.178571,0.369048,0.523810,,2026-04-23
5115,香川,53,5,17,26,0.094340,0.320755,0.490566,,2026-04-30
5117,冨名腰,55,4,12,23,0.072727,0.218182,0.418182,,2026-04-27
5118,野田,48,7,21,31,0.145833,0.437500,0.645833,,2026-04-27
5120,山本,56,7,18,25,0.125000,0.321429,0.446429,,2026-04-30
5121,定松,88,36,59,66,0.409091,0.670455,0.750000,,2026-05-02
5122,相馬,51,6,16,24,0.117647,0.313725,0.470588,,2026-04-28
5123,福山,76,13,21,30,0.171053,0.276316,0.394737,,2026-04-22
5124,上瀧,50,4,8,19,0.080000,0.160000,0.380000,,2026-04-25
5125,高井,57,13,23,34,0.228070,0.403509,0.596491,,2026-04-19
5126,山下,67,22,32,43,0.328358,0.477612,0.641791,,2026-03-30
5127,沼田,53,7,15,27,0.132075,0.283019,0.509434,,2026-05-02
5128,坪井,56,4,13,26,0.071429,0.232143,0.464286,,2026-05-01
5129,山口,69,14,25,36,0.202899,0.362319,0.521739,,2026-04-28
5130,上野,73,4,14,32,0.054795,0.191781,0.438356,,2026-04-23
5131,江藤,60,4,11,18,0.066667,0.183333,0.300000,,2026-04-28
5132,中野 希一,87,29,56,69,0.333333,0.643678,0.793103,52.0000,2026-05-03
5133,堀越,55,11,19,33,0.200000,0.345455,0.600000,,2026-05-01
5134,大原,62,18,29,36,0.290323,0.467742,0.580645,,2026-04-23
5135,航太,41,2,5,8,0.048780,0.121951,0.195122,,2026-02-21
5136,濱野,82,25,39,57,0.304878,0.475610,0.695122,,2026-04-28
5137,川原,67,11,24,40,0.164179,0.358209,0.597015,,2026-05-02
5138,村本,40,1,4,11,0.025000,0.100000,0.275000,,2026-05-01
5139,大場,81,23,39,48,0.283951,0.481481,0.592593,,2026-04-14
5140,吉田,66,4,15,29,0.060606,0.227273,0.439394,,2026-04-20
5141,大澤,71,18,39,51,0.253521,0.549296,0.718310,,2026-04-14
5142,常住,66,14,39,49,0.212121,0.590909,0.742424,,2026-05-02
5143,常盤,70,4,18,31,0.057143,0.257143,0.442857,,2026-04-28
5144,中尾,76,11,29,44,0.144737,0.381579,0.578947,,2026-04-21
5145,島川,85,20,37,44,0.235294,0.435294,0.517647,,2026-04-23
5146,野田,53,13,19,31,0.245283,0.358491,0.584906,,2026-04-16
5147,田中,43,7,13,18,0.162791,0.302326,0.418605,,2026-04-20
5148,松本,67,10,22,37,0.149254,0.328358,0.552239,,2026-04-17
5150,坂本,84,27,47,60,0.321429,0.559524,0.714286,,2026-05-02
5151,山下,77,6,18,29,0.077922,0.233766,0.376623,,2026-04-21
5152,丸山,52,1,8,15,0.019231,0.153846,0.288462,,2026-04-23
5153,佐藤,76,4,18,26,0.052632,0.236842,0.342105,,2026-04-27
5154,村松,76,12,19,32,0.157895,0.250000,0.421053,,2026-04-23
5155,内山,77,14,37,51,0.181818,0.480519,0.662338,,2026-04-26
5156,坂野,79,9,15,35,0.113924,0.189873,0.443038,,2026-04-20
5157,市川,60,5,12,20,0.083333,0.200000,0.333333,,2026-04-29
5158,宮脇,73,27,40,49,0.369863,0.547945,0.671233,,2026-04-14
5160,藤森,109,23,43,64,0.211009,0.394495,0.587156,,2026-05-01
5161,登玉,61,17,29,33,0.278689,0.475410,0.540984,,2026-04-23
5162,松尾,23,1,4,8,0.043478,0.173913,0.347826,,2026-02-20
5163,清水,60,15,27,36,0.250000,0.450000,0.600000,,2026-04-20
5164,森田,27,2,5,9,0.074074,0.185185,0.333333,,2026-03-22
5165,小林,82,7,17,28,0.085366,0.207317,0.341463,,2026-04-25
5166,仲道,65,15,26,43,0.230769,0.400000,0.661538,,2026-03-30
5167,小川,64,8,22,33,0.125000,0.343750,0.515625,,2026-04-18
5169,堀本,19,1,3,7,0.052632,0.157895,0.368421,,2026-01-26
5170,佐藤,68,8,22,33,0.117647,0.323529,0.485294,,2026-04-28
5172,田村,54,5,13,21,0.092593,0.240741,0.388889,,2026-04-28
5173,谷口,78,16,27,37,0.205128,0.346154,0.474359,,2026-04-28
5174,川井,38,6,10,17,0.157895,0.263158,0.447368,,2026-04-15
5175,島崎,44,6,11,19,0.136364,0.250000,0.431818,,2026-04-24
5176,石倉,25,0,1,3,0.000000,0.040000,0.120000,,2026-02-28
5177,松井,84,6,13,30,0.071429,0.154762,0.357143,,2026-05-01
5178,成貞,82,5,18,31,0.060976,0.219512,0.378049,,2026-04-28
5179,藤本,54,6,11,18,0.111111,0.203704,0.333333,,2026-04-23
5180,藤本,29,1,4,6,0.034483,0.137931,0.206897,,2026-03-19
5181,智哉,66,7,22,37,0.106061,0.333333,0.560606,,2026-04-14
5182,宮崎,70,8,22,35,0.114286,0.314286,0.500000,,2026-04-20
5183,中野,54,7,16,21,0.129630,0.296296,0.388889,,2026-04-10
5184,飯塚,27,1,3,6,0.037037,0.111111,0.222222,,2026-04-19
5185,加藤,77,13,22,38,0.168831,0.285714,0.493506,,2026-04-23
5186,遠藤,35,1,7,7,0.028571,0.200000,0.200000,,2026-04-27
5188,武井,66,20,33,44,0.303030,0.500000,0.666667,,2026-04-28
5189,藤原,98,18,32,48,0.183673,0.326531,0.489796,,2026-04-25
5190,大月,66,8,15,26,0.121212,0.227273,0.393939,,2026-05-01
5191,飛田 江己,94,30,46,63,0.319149,0.489362,0.670213,53.0000,2026-05-03
5192,中尾,68,15,23,35,0.220588,0.338235,0.514706,,2026-04-22
5193,米丸,94,28,43,61,0.297872,0.457447,0.648936,,2026-04-27
5194,大久保,74,9,19,30,0.121622,0.256757,0.405405,,2026-04-27
5195,北村,60,12,24,34,0.200000,0.400000,0.566667,,2026-04-20
5196,鰐部,95,31,49,67,0.326316,0.515789,0.705263,,2026-04-23
5197,中野,17,5,7,10,0.294118,0.411765,0.588235,,2026-04-28
5198,奥村,84,11,25,38,0.130952,0.297619,0.452381,,2026-04-27
5199,垂水,72,14,24,37,0.194444,0.333333,0.513889,,2026-04-25
5200,筒井,31,0,0,1,0.000000,0.000000,0.032258,,2026-04-29
5201,村上,12,2,2,4,0.166667,0.166667,0.333333,,2026-05-01
5203,神里,75,14,24,39,0.186667,0.320000,0.520000,,2026-04-27
5204,宇恵,35,1,3,9,0.028571,0.085714,0.257143,,2026-04-20
5205,刑部,87,13,32,48,0.149425,0.367816,0.551724,,2026-04-20
5206,梅原,77,4,18,27,0.051948,0.233766,0.350649,,2026-04-25
5207,高山,45,6,14,20,0.133333,0.311111,0.444444,,2026-05-01
5208,屋良,71,10,22,34,0.140845,0.309859,0.478873,,2026-04-23
5209,小野,53,3,5,14,0.056604,0.094340,0.264151,,2026-04-28
5210,藤井,73,8,26,37,0.109589,0.356164,0.506849,,2026-04-28
5211,高井,65,3,12,28,0.046154,0.184615,0.430769,,2026-05-02
5212,西川,73,20,35,46,0.273973,0.479452,0.630137,,2026-04-14
5213,湯淺,73,14,21,32,0.191781,0.287671,0.438356,,2026-04-27
5214,田中,76,9,23,33,0.118421,0.302632,0.434211,,2026-05-02
5216,長谷川,106,27,45,71,0.254717,0.424528,0.669811,,2026-05-02
5217,藤原,68,21,34,51,0.308824,0.500000,0.750000,,2026-04-17
5218,山田,88,23,40,58,0.261364,0.454545,0.659091,,2026-04-28
5219,森口,54,11,19,25,0.203704,0.351852,0.462963,,2026-04-28
5220,青木 蓮,99,31,43,58,0.313131,0.434343,0.585859,50.0000,2026-05-03
5221,竹間,102,23,45,64,0.225490,0.441176,0.627451,,2026-04-23
5222,津田,77,21,41,55,0.272727,0.532468,0.714286,,2026-04-23
5223,森清,87,7,22,33,0.080460,0.252874,0.379310,,2026-05-01
5224,西岡,99,30,52,72,0.303030,0.525253,0.727273,,2026-04-28
5226,藤田,36,8,16,25,0.222222,0.444444,0.694444,,2026-02-18
5228,若林,68,18,27,39,0.264706,0.397059,0.573529,,2026-05-01
5229,吉川,71,15,27,39,0.211268,0.380282,0.549296,,2026-04-30
5230,石原,73,8,24,30,0.109589,0.328767,0.410959,,2026-04-22
5231,寺田,28,3,6,10,0.107143,0.214286,0.357143,,2026-02-22
5232,樅山,55,5,12,21,0.090909,0.218182,0.381818,,2026-05-01
5234,塚越,104,31,54,77,0.298077,0.519231,0.740385,,2026-05-02
5235,岩田,22,0,1,2,0.000000,0.045455,0.090909,,2026-02-24
5236,小宮,80,3,11,24,0.037500,0.137500,0.300000,,2026-05-01
5237,永松,24,2,3,8,0.083333,0.125000,0.333333,,2026-02-11
5238,笹木,71,14,29,40,0.197183,0.408451,0.563380,,2026-04-28
5239,上野,76,10,20,32,0.131579,0.263158,0.421053,,2026-04-26
5240,高橋,73,8,24,37,0.109589,0.328767,0.506849,,2026-05-02
5241,門田,62,6,15,30,0.096774,0.241935,0.483871,,2026-04-28
5242,高山,62,4,11,16,0.064516,0.177419,0.258065,,2026-04-27
5243,三馬,64,10,17,28,0.156250,0.265625,0.437500,,2026-03-22
5244,黒田,54,6,13,20,0.111111,0.240741,0.370370,,2026-04-23
5245,倉富,48,8,11,21,0.166667,0.229167,0.437500,,2026-04-08
5246,将太郎,86,14,31,45,0.162791,0.360465,0.523256,,2026-04-23
5247,大森,69,7,16,31,0.101449,0.231884,0.449275,,2026-04-23
5248,本田,57,2,9,23,0.035088,0.157895,0.403509,,2026-04-21
5249,三木,77,15,26,42,0.194805,0.337662,0.545455,,2026-04-28
5250,嶋田,70,5,11,20,0.071429,0.157143,0.285714,,2026-04-29
5251,沼田,15,0,0,0,0.000000,0.000000,0.000000,,2026-02-07
5252,荒木,95,17,37,61,0.178947,0.389474,0.642105,,2026-04-23
5253,藤井,24,2,4,8,0.083333,0.166667,0.333333,,2026-01-26
5254,羽田,61,5,13,21,0.081967,0.213115,0.344262,,2026-04-15
5255,藤原,72,19,38,51,0.263889,0.527778,0.708333,,2026-04-30
5256,中山,65,22,38,46,0.338462,0.584615,0.707692,,2026-04-22
5257,西丸,113,28,46,70,0.247788,0.407080,0.619469,,2026-04-28
5258,仲本,66,10,20,31,0.151515,0.303030,0.469697,,2026-04-23
5259,野田 昇吾,33,2,4,5,0.060606,0.121212,0.151515,54.0000,2026-05-03
5261,暢祐,58,3,13,19,0.051724,0.224138,0.327586,,2026-04-02
5262,鈴木,55,2,13,24,0.036364,0.236364,0.436364,,2026-05-02
5263,花田,69,6,17,31,0.086957,0.246377,0.449275,,2026-04-28
5264,みひ果,70,5,14,36,0.071429,0.200000,0.514286,,2026-04-28
5265,大廣,79,4,9,20,0.050633,0.113924,0.253165,,2026-04-28
5266,石田,73,9,20,34,0.123288,0.273973,0.465753,,2026-04-23
5267,石本,100,35,49,66,0.350000,0.490000,0.660000,,2026-04-23
5268,山本,47,3,10,15,0.063830,0.212766,0.319149,,2026-04-23
5269,山口,60,12,21,28,0.200000,0.350000,0.466667,,2026-04-28
5270,小玉,64,6,16,29,0.093750,0.250000,0.453125,,2026-05-02
5271,杉山,55,1,7,17,0.018182,0.127273,0.309091,,2026-04-29
5272,松田,47,3,10,16,0.063830,0.212766,0.340426,,2026-04-20
5273,山下,69,8,13,26,0.115942,0.188406,0.376812,,2026-04-22
5274,城間,61,12,19,28,0.196721,0.311475,0.459016,,2026-04-19
5275,松田,96,32,51,66,0.333333,0.531250,0.687500,,2026-04-27
5276,大島,67,6,14,30,0.089552,0.208955,0.447761,,2026-04-23
5277,井上,76,12,24,44,0.157895,0.315789,0.578947,,2026-04-22
5278,田中,113,43,66,83,0.380531,0.584071,0.734513,,2026-04-25
5279,石渡,52,7,16,21,0.134615,0.307692,0.403846,,2026-04-27
5280,廣瀬,87,29,45,68,0.333333,0.517241,0.781609,,2026-04-30
5281,井上,74,22,34,44,0.297297,0.459459,0.594595,,2026-04-29
5282,中本,73,12,22,41,0.164384,0.301370,0.561644,,2026-04-23
5283,植木,38,1,1,1,0.026316,0.026316,0.026316,,2026-05-02
5284,嘉手苅,43,1,2,8,0.023256,0.046512,0.186047,,2026-04-21
5285,若林,72,5,14,21,0.069444,0.194444,0.291667,,2026-04-23
5286,坂井,68,6,17,27,0.088235,0.250000,0.397059,,2026-04-23
5287,滝沢 織寧,53,3,6,12,0.056604,0.113208,0.226415,52.0000,2026-05-03
5288,尾道,43,3,6,10,0.069767,0.139535,0.232558,,2026-04-28
5289,來紀,71,11,27,46,0.154930,0.380282,0.647887,,2026-04-24
5290,坂本,81,4,13,21,0.049383,0.160494,0.259259,,2026-04-28
5291,三嶌,76,1,11,24,0.013158,0.144737,0.315789,,2026-04-28
5292,佐藤,61,3,9,19,0.049180,0.147541,0.311475,,2026-04-28
5293,眞崎,37,0,3,4,0.000000,0.081081,0.108108,,2026-04-28
5294,豊田,64,7,13,21,0.109375,0.203125,0.328125,,2026-04-28
5295,田上,65,11,19,29,0.169231,0.292308,0.446154,,2026-04-21
5296,永田,57,4,5,7,0.070175,0.087719,0.122807,,2026-04-21
5297,彩寧,74,2,11,17,0.027027,0.148649,0.229730,,2026-04-28
5298,水谷,82,22,36,59,0.268293,0.439024,0.719512,,2026-04-28
5299,西丸,78,18,39,48,0.230769,0.500000,0.615385,,2026-04-28
5300,横田,76,2,6,7,0.026316,0.078947,0.092105,,2026-04-28
5301,岩下,75,14,21,32,0.186667,0.280000,0.426667,,2026-04-28
5302,秋末,71,5,12,19,0.070423,0.169014,0.267606,,2026-04-23
5303,土井,59,6,18,30,0.101695,0.305085,0.508475,,2026-05-01
5304,井田,37,1,1,4,0.027027,0.027027,0.108108,,2026-04-28
5305,伊藤,58,0,2,4,0.000000,0.034483,0.068966,,2026-04-22
5306,河内,72,2,4,13,0.027778,0.055556,0.180556,,2026-05-02
5307,富永,72,9,21,31,0.125000,0.291667,0.430556,,2026-05-02
5308,藤森,68,3,15,27,0.044118,0.220588,0.397059,,2026-04-21
5309,雄利,59,4,7,11,0.067797,0.118644,0.186441,,2026-04-23
5310,土屋,55,5,11,24,0.090909,0.200000,0.436364,,2026-04-28
5311,小林,68,9,20,38,0.132353,0.294118,0.558824,,2026-04-04
5312,川辺,69,6,10,17,0.086957,0.144928,0.246377,,2026-04-28
5313,鈴木,89,11,22,38,0.123596,0.247191,0.426966,,2026-04-29
5314,中曽,56,2,8,14,0.035714,0.142857,0.250000,,2026-05-01
5315,浅井,55,3,4,9,0.054545,0.072727,0.163636,,2026-04-28
5316,村松,74,10,25,45,0.135135,0.337838,0.608108,,2026-04-23
5317,長尾,76,6,18,38,0.078947,0.236842,0.500000,,2026-04-28
5318,河内,72,5,11,21,0.069444,0.152778,0.291667,,2026-05-02
5319,近藤,59,8,17,27,0.135593,0.288136,0.457627,,2026-05-02
5320,岩崎,70,1,5,10,0.014286,0.071429,0.142857,,2026-05-02
5321,一色,55,7,20,26,0.127273,0.363636,0.472727,,2026-04-28
5322,根岸,56,2,4,7,0.035714,0.071429,0.125000,,2026-04-28
5323,香川,46,3,13,19,0.065217,0.282609,0.413043,,2026-04-23
5324,畑田,43,1,1,2,0.023256,0.023256,0.046512,,2026-04-20
5325,澁川,64,6,21,38,0.093750,0.328125,0.593750,,2026-04-20
5326,三嶌,78,13,26,32,0.166667,0.333333,0.410256,,2026-04-28
5327,西田,59,0,0,1,0.000000,0.000000,0.016949,,2026-04-27
5328,井上,53,3,7,16,0.056604,0.132075,0.301887,,2026-04-28
5329,金子,58,9,20,29,0.155172,0.344828,0.500000,,2026-03-31
5330,安河内鈴之介,88,24,39,51,0.272727,0.443182,0.579545,,2026-04-28
5331,佐藤,59,5,18,23,0.084746,0.305085,0.389831,,2026-05-01
5332,村松,67,8,19,26,0.119403,0.283582,0.388060,,2026-04-28
5333,山下,19,2,6,6,0.105263,0.315789,0.315789,,2026-01-20
5334,樫葉,65,1,4,11,0.015385,0.061538,0.169231,,2026-04-20
5335,陽多,47,2,3,4,0.042553,0.063830,0.085106,,2026-03-22
5336,瀬川,70,1,6,13,0.014286,0.085714,0.185714,,2026-04-23
5337,出畑,65,2,15,29,0.030769,0.230769,0.446154,,2026-04-28
5338,香月,75,6,16,27,0.080000,0.213333,0.360000,,2026-04-22
5339,石井,56,8,17,33,0.142857,0.303571,0.589286,,2026-04-28
5340,樋江井,70,3,11,26,0.042857,0.157143,0.371429,,2026-04-28
5341,山道,51,1,4,7,0.019608,0.078431,0.137255,,2026-04-28
5342,原村,49,0,0,2,0.000000,0.000000,0.040816,,2026-04-25
5343,小林,54,1,7,12,0.018519,0.129630,0.222222,,2026-04-23
5344,谷口,67,7,17,25,0.104478,0.253731,0.373134,,2026-04-15
5345,牧村,78,3,5,12,0.038462,0.064103,0.153846,,2026-05-02
5346,中村,59,0,1,9,0.000000,0.016949,0.152542,,2026-04-28
5347,井澤,54,0,0,3,0.000000,0.000000,0.055556,,2026-04-28
5348,小林,49,3,9,15,0.061224,0.183673,0.306122,,2026-04-25
5349,宮崎,50,1,1,1,0.020000,0.020000,0.020000,,2026-04-28
5350,網代,78,6,15,30,0.076923,0.192308,0.384615,,2026-04-28
5351,齊藤,71,9,21,28,0.126761,0.295775,0.394366,,2026-04-23
5352,西岡,78,15,28,37,0.192308,0.358974,0.474359,,2026-04-28
5353,草川,68,2,6,10,0.029412,0.088235,0.147059,,2026-04-25
5354,渡邊,52,4,10,13,0.076923,0.192308,0.250000,,2026-04-22
5355,萩原,56,0,3,6,0.000000,0.053571,0.107143,,2026-03-30
5356,長谷川,54,6,10,22,0.111111,0.185185,0.407407,,2026-04-24
5357,田中,53,0,1,1,0.000000,0.018868,0.018868,,2026-04-25
5358,増本,13,0,0,1,0.000000,0.000000,0.076923,,2026-01-28
5359,佐藤,61,10,18,28,0.163934,0.295082,0.459016,,2026-04-28
5360,高木,68,2,6,17,0.029412,0.088235,0.250000,,2026-04-25
5361,植竹,56,1,3,8,0.017857,0.053571,0.142857,,2026-05-02
5362,中嶋,65,0,0,1,0.000000,0.000000,0.015385,,2026-04-28
5363,山本,44,0,0,1,0.000000,0.000000,0.022727,,2026-04-21
5364,金子,61,2,2,7,0.032787,0.032787,0.114754,,2026-04-28
5365,石村,59,1,3,7,0.016949,0.050847,0.118644,,2026-04-25
5366,塩嶋,42,0,0,0,0.000000,0.000000,0.000000,,2026-04-22
5367,赤松,32,0,1,2,0.000000,0.031250,0.062500,,2026-04-07
5368,宮崎,41,6,12,20,0.146341,0.292683,0.487805,,2026-04-28
5369,岡崎,70,4,13,20,0.057143,0.185714,0.285714,,2026-04-23
5370,日隈,34,0,1,1,0.000000,0.029412,0.029412,,2026-04-20
5371,早川,44,1,1,1,0.022727,0.022727,0.022727,,2026-04-28
5372,上岡,47,0,0,1,0.000000,0.000000,0.021277,,2026-04-17
5373,諏訪,48,0,0,6,0.000000,0.000000,0.125000,,2026-04-25
5374,木山,58,0,1,5,0.000000,0.017241,0.086207,,2026-04-23
5375,庄島,55,1,4,10,0.018182,0.072727,0.181818,,2026-04-24
5376,吉田,63,5,19,31,0.079365,0.301587,0.492063,,2026-04-28
5377,鳥居塚,55,2,8,17,0.036364,0.145455,0.309091,,2026-05-02
5378,鈴木,67,0,1,5,0.000000,0.014925,0.074627,,2026-04-28
5379,廣部,47,0,2,8,0.000000,0.042553,0.170213,,2026-04-30
5380,野田,59,0,0,0,0.000000,0.000000,0.000000,,2026-04-07
5381,有山,57,2,7,13,0.035088,0.122807,0.228070,,2026-04-23
5382,山下,44,1,3,7,0.022727,0.068182,0.159091,,2026-04-23
5383,中村,59,0,0,3,0.000000,0.000000,0.050847,,2026-04-06
5384,八戸,50,1,1,3,0.020000,0.020000,0.060000,,2026-05-01
5385,鈴木,53,1,5,9,0.018868,0.094340,0.169811,,2026-04-21
5386,米玉利,49,0,3,10,0.000000,0.061224,0.204082,,2026-04-19
5387,戸田,52,0,1,1,0.000000,0.019231,0.019231,,2026-04-02
5388,佐野,75,6,18,30,0.080000,0.240000,0.400000,,2026-04-28
5389,恵良,39,1,1,6,0.025641,0.025641,0.153846,,2026-05-02
5390,高橋,52,0,2,3,0.000000,0.038462,0.057692,,2026-05-02
5391,出穂,35,0,0,1,0.000000,0.000000,0.028571,,2026-04-07
5392,安武,50,0,1,1,0.000000,0.020000,0.020000,,2026-03-31
5393,藤原,51,0,0,0,0.000000,0.000000,0.000000,,2026-04-14
5394,福西,52,1,5,14,0.019231,0.096154,0.269231,,2026-03-25
5395,日高,58,1,3,5,0.017241,0.051724,0.086207,,2026-05-01
5396,近藤,42,0,1,1,0.000000,0.023810,0.023810,,2026-03-30
5397,寺田,43,0,0,2,0.000000,0.000000,0.046512,,2026-04-27
5398,鐘ヶ江,71,3,7,11,0.042254,0.098592,0.154930,,2026-05-01
5399,長野,55,0,0,5,0.000000,0.000000,0.090909,,2026-04-20
5400,高村,51,0,0,2,0.000000,0.000000,0.039216,,2026-04-30
5401,海夏人,40,1,3,9,0.025000,0.075000,0.225000,,2026-04-16
5402,塚越,35,0,1,1,0.000000,0.028571,0.028571,,2026-04-28
5403,藤山,55,0,0,3,0.000000,0.000000,0.054545,,2026-04-28
5404,内田,49,0,0,5,0.000000,0.000000,0.102041,,2026-04-28
5405,竹内,59,2,2,7,0.033898,0.033898,0.118644,,2026-04-23
5406,小畑,65,0,0,2,0.000000,0.000000,0.030769,,2026-04-19
5407,中岡,58,0,1,8,0.000000,0.017241,0.137931,,2026-04-28
5408,中山,19,0,0,0,0.000000,0.000000,0.000000,,2026-01-26
5409,宮本,50,0,0,4,0.000000,0.000000,0.080000,,2026-04-20
5410,今泉,58,1,3,5,0.017241,0.051724,0.086207,,2026-04-06
5411,木下,47,0,0,0,0.000000,0.000000,0.000000,,2026-04-21
5412,久保田,54,0,0,2,0.000000,0.000000,0.037037,,2026-05-02
5413,宮城,60,1,3,4,0.016667,0.050000,0.066667,,2026-04-29
5415,阿部,52,0,0,1,0.000000,0.000000,0.019231,,2026-05-01
5416,龍田,59,1,4,8,0.016949,0.067797,0.135593,,2026-04-20
5417,小柳,54,2,3,10,0.037037,0.055556,0.185185,,2026-05-02
5418,堀内,61,0,0,0,0.000000,0.000000,0.000000,,2026-04-21
5419,櫻井,44,0,0,2,0.000000,0.000000,0.045455,,2026-04-29
5420,吉原,40,0,0,1,0.000000,0.000000,0.025000,,2026-04-23
5421,原田,30,0,1,1,0.000000,0.033333,0.033333,,2026-04-03
5422,真田,49,0,0,0,0.000000,0.000000,0.000000,,2026-04-29
5423,高橋,39,0,0,0,0.000000,0.000000,0.000000,,2026-04-17
5424,熊倉,42,1,1,1,0.023810,0.023810,0.023810,,2026-04-18
5425,西山,38,0,0,0,0.000000,0.000000,0.000000,,2026-04-10
5426,甲斐,50,0,0,0,0.000000,0.000000,0.000000,,2026-05-01
5427,理樹,56,0,1,6,0.000000,0.017857,0.107143,,2026-04-28
5428,古園井,60,0,0,0,0.000000,0.000000,0.000000,,2026-05-02
5429,吉川,44,0,0,0,0.000000,0.000000,0.000000,,2026-04-24
5430,鳥本,53,0,1,1,0.000000,0.018868,0.018868,,2026-04-22
5431,得山,49,0,0,0,0.000000,0.000000,0.000000,,2026-04-28
5432,安藤,50,2,4,8,0.040000,0.080000,0.160000,,2026-04-23
5433,米本,32,0,1,1,0.000000,0.031250,0.031250,,2026-05-01
5434,藤田,40,1,3,6,0.025000,0.075000,0.150000,,2026-04-23
5435,中西,40,0,0,0,0.000000,0.000000,0.000000,,2026-04-28
5436,市川,50,0,0,0,0.000000,0.000000,0.000000,,2026-05-01
5437,中澤,31,0,1,1,0.000000,0.032258,0.032258,,2026-03-11
5438,星田,50,0,0,1,0.000000,0.000000,0.020000,,2026-04-19
5439,志賀,53,1,1,2,0.018868,0.018868,0.037736,,2026-04-21
5440,薗頭,47,0,3,3,0.000000,0.063830,0.063830,,2026-04-28
5441,鈴木,72,4,13,23,0.055556,0.180556,0.319444,,2026-05-02
5442,池田,38,0,0,0,0.000000,0.000000,0.000000,,2026-04-17
5443,西村,39,0,1,1,0.000000,0.025641,0.025641,,2026-04-09
5444,風音,55,0,1,2,0.000000,0.018182,0.036364,,2026-04-28
5451,知念,2,0,0,0,0.000000,0.000000,0.000000,,2026-05-02
5455,澁澤,2,0,0,0,0.000000,0.000000,0.000000,,2026-05-02
5462,山浦,1,0,0,0,0.000000,0.000000,0.000000,,2026-05-02
